-- MySQL dump 10.13  Distrib 9.6.0, for macos26.2 (arm64)
--
-- Host: localhost    Database: pruva_web
-- ------------------------------------------------------
-- Server version	9.6.0

/*!40101 SET @OLD_CHARACTER_SET_CLIENT=@@CHARACTER_SET_CLIENT */;
/*!40101 SET @OLD_CHARACTER_SET_RESULTS=@@CHARACTER_SET_RESULTS */;
/*!40101 SET @OLD_COLLATION_CONNECTION=@@COLLATION_CONNECTION */;
/*!50503 SET NAMES utf8mb4 */;
/*!40103 SET @OLD_TIME_ZONE=@@TIME_ZONE */;
/*!40103 SET TIME_ZONE='+00:00' */;
/*!40014 SET @OLD_UNIQUE_CHECKS=@@UNIQUE_CHECKS, UNIQUE_CHECKS=0 */;
/*!40014 SET @OLD_FOREIGN_KEY_CHECKS=@@FOREIGN_KEY_CHECKS, FOREIGN_KEY_CHECKS=0 */;
/*!40101 SET @OLD_SQL_MODE=@@SQL_MODE, SQL_MODE='NO_AUTO_VALUE_ON_ZERO' */;
/*!40111 SET @OLD_SQL_NOTES=@@SQL_NOTES, SQL_NOTES=0 */;
SET @MYSQLDUMP_TEMP_LOG_BIN = @@SESSION.SQL_LOG_BIN;
SET @@SESSION.SQL_LOG_BIN= 0;

--
-- GTID state at the beginning of the backup 
--

SET @@GLOBAL.GTID_PURGED=/*!80000 '+'*/ '23ce228c-1b29-11f1-8ed1-5f453d643bfd:1-2145';

--
-- Table structure for table `blog_posts`
--

DROP TABLE IF EXISTS `blog_posts`;
/*!40101 SET @saved_cs_client     = @@character_set_client */;
/*!50503 SET character_set_client = utf8mb4 */;
CREATE TABLE `blog_posts` (
  `id` bigint unsigned NOT NULL AUTO_INCREMENT,
  `title` json NOT NULL,
  `slug` json NOT NULL,
  `description` json DEFAULT NULL,
  `content` json DEFAULT NULL,
  `image` varchar(255) CHARACTER SET utf8mb4 COLLATE utf8mb4_unicode_ci DEFAULT NULL,
  `original_link` varchar(255) CHARACTER SET utf8mb4 COLLATE utf8mb4_unicode_ci DEFAULT NULL,
  `is_active` tinyint(1) NOT NULL DEFAULT '1',
  `published_at` timestamp NULL DEFAULT NULL,
  `created_at` timestamp NULL DEFAULT NULL,
  `updated_at` timestamp NULL DEFAULT NULL,
  PRIMARY KEY (`id`)
) ENGINE=InnoDB AUTO_INCREMENT=6 DEFAULT CHARSET=utf8mb4 COLLATE=utf8mb4_unicode_ci;
/*!40101 SET character_set_client = @saved_cs_client */;

--
-- Dumping data for table `blog_posts`
--

LOCK TABLES `blog_posts` WRITE;
/*!40000 ALTER TABLE `blog_posts` DISABLE KEYS */;
INSERT INTO `blog_posts` VALUES (1,'{\"en\": \"Kalkan Tavern Culture: A Traditional Mediterranean Culinary Journey\", \"tr\": \"Kalkan Meyhane Kültürü: Geleneksel Bir Akdeniz Lezzet Yolculuğu\"}','{\"en\": \"kalkan-tavern-culture\", \"tr\": \"kalkan-meyhane-kulturu\"}','{\"en\": \"A comprehensive guide to the enchanting atmosphere of Kalkan taverns, fresh seafood, local appetizers, and the centuries-old tavern tradition.\", \"tr\": \"Kalkan meyhanelerinin büyüleyici atmosferi, taze deniz ürünleri, yerel mezeler ve asırlık meyhane geleneği üzerine kapsamlı bir rehber.\"}','{\"en\": \"<h2>A Journey into the Depths of Kalkan Tavern Culture</h2>\\n                    <p>Kalkan, the pearl of the Mediterranean, is known not only for its turquoise waters but also for its unique tavern (meyhane) culture that comes alive in the evenings along the harbor and in its narrow streets. Entering a tavern is not just about eating; it is about becoming part of a social ritual that has been ongoing for centuries. Kalkan\'s unique geography and historical texture make this culture even more special.</p>\\n                    \\n                    <h3>The Story of Mezes: The Soul of the Table</h3>\\n                    <p>In Kalkan taverns, the table is set with \\\"cold mezes\\\" (appetizers). These mezes are prepared with the freshest olive oils of the region, freshly picked herbsจาก the fields, and cheeses from local dairies. From the smoky flavor of roasted eggplant to the crisp texture of sea beans; from classic hummus and haydari to special \\\"Kalkan style\\\" salads unique to the region, every plate tells a story. Mezes are the most loyal companions of rakı and allow the conversation to brew.</p>\\n                    \\n                    <h3>Hot Starters and Main Courses</h3>\\n                    <p>As the conversation progresses, \\\"ara sıcaklar\\\" (hot starters) take the stage. The sizzle of shrimp in butter, the golden yellow crispiness of fried calamari, and the soft texture of grilled octopus increase the joy at the table. Kalkan is a very lucky region when it comes to seafood. Daily fish stand out for the main course. The most delicious fish of the region, such as grouper, sea bass, or sea bream, are usually cooked on the grill in their most natural state, accompanied only by olive oil and lemon.</p>\\n                    \\n                    <h3>The Power of Conversation: A Tavern is a Feeling, Not Just an Address</h3>\\n                    <p>The most important feature that distinguishes the tavern culture from other restaurant experiences is time. There is no place for rush in a tavern. Dinners lasting for hours allow old friendships to be refreshed or new ones to be established. Under Kalkan\'s star-filled sky, accompanied by a light Mediterranean breeze, these long meals are like a therapy that rests the soul.</p>\\n                    \\n                    <h3>Things to Consider in Kalkan Taverns</h3>\\n                    <p>Paying attention to a few details while enjoying a tavern in Kalkan can perfect your experience. First, you should definitely book in advance for popular venues, especially in the summer months. Also, it is important to consume mezes slowly and enjoy them to experience the etiquette of the \\\"çilingir sofrası\\\" (raki table). As Pruva Restaurant, we bring this ancient culture to your table in its most modern and fresh form.</p>\\n                    \\n                    <p>In conclusion, Kalkan taverns do not just promise you a dinner; they offer you the soul of the Mediterranean, the sound of music, and unforgettable memories. Do not forget to let yourself go into this traditional culinary journey on your next Kalkan visit.</p>\", \"tr\": \"<h2>Kalkan\'da Meyhane Kültürünün Derinliklerine Yolculuk</h2>\\n                    <p>Akdeniz\'in incisi Kalkan, sadece turkuaz sularıyla değil, aynı zamanda akşamları liman boyunca ve dar sokaklarında canlanan benzersiz meyhane kültürüyle de bilinir. Bir meyhaneye girmek, sadece yemek yemek değil, yüzyıllardır süregelen bir sosyal ritüelin parçası olmaktır. Kalkan\'ın kendine has coğrafyası ve tarihi dokusu, bu kültürü daha da özel kılar.</p>\\n                    \\n                    <h3>Mezelerin Hikayesi: Sofranın Ruhu</h3>\\n                    <p>Kalkan meyhanelerinde sofra, \\\"soğuk mezeler\\\" ile kurulur. Bu mezeler, bölgenin en taze zeytinyağları, tarladan yeni koparılmış otlar ve yerel mandıralardan gelen peynirlerle hazırlanır. Közlenmiş patlıcanın dumanlı tadından, deniz börülcesinin diri dokusuna; klasik humus ve haydariden, bölgeye özgü \\\"Kalkan usulü\\\" özel salatalara kadar her tabak bir hikaye anlatır. Mezeler, rakının en sadık dostudur ve sohbetin demlenmesini sağlar.</p>\\n                    \\n                    <h3>Ara Sıcaklar ve Ana Yemekler</h3>\\n                    <p>Sohbet ilerledikçe, sahneye ara sıcaklar çıkar. Tereyağında karidesin cızırtısı, kalamar tavasının altın sarısı çıtırlığı ve ahtapot ızgaranın yumuşacık dokusu masadaki neşeyi artırır. Kalkan, deniz ürünleri konusunda oldukça şanslı bir bölgedir. Ana yemekte ise günlük balıklar öne çıkar. Lagos, levrek veya çipura gibi bölgenin en lezzetli balıkları, genellikle en doğal halleriyle, sadece zeytinyağı ve limonun eşliğiyle ızgarada pişirilir.</p>\\n                    \\n                    <h3>Sohbetin Gücü: Meyhane Bir Adres Değil, Bir Hissiyattır</h3>\\n                    <p>Meyhane kültürünü diğer restoran deneyimlerinden ayıran en önemli özellik, zamandır. Meyhanede aceleye yer yoktur. Saatlerce süren akşam yemekleri, eski dostlukların tazelenmesine veya yeni dostlukların kurulmasına imkan verir. Kalkan\'ın yıldızlarla dolu gökyüzü altında, hafif bir Akdeniz esintisi eşliğinde yapılan bu uzun yemekler, ruhu dinlendiren bir terapi gibidir.</p>\\n                    \\n                    <h3>Kalkan Meyhanelerinde Dikkat Edilmesi Gerekenler</h3>\\n                    <p>Kalkan\'da meyhane keyfi yaparken birkaç detaya dikkat etmek deneyiminizi mükemmelleştirebilir. Öncelikle, özellikle yaz aylarında popüler mekanlar için mutlaka rezervasyon yaptırmalısınız. Ayrıca, \\\"çilingir sofrası\\\" adabını yaşamak için mezeleri yavaş yavaş, tadını çıkararak tüketmek önemlidir. Pruva Restaurant olarak biz, bu kadim kültürü en modern ve taze haliyle masanıza taşıyoruz.</p>\\n                    \\n                    <p>Sonuç olarak, Kalkan meyhaneleri size sadece bir akşam yemeği vaat etmez; size Akdeniz\'in ruhunu, müziğin tınısını ve unutulmaz anılar sunar. Bir sonraki Kalkan ziyaretinizde kendinizi bu geleneksel lezzet yolculuğuna bırakmayı unutmayın.</p>\"}','https://images.unsplash.com/photo-1541014741259-de529411b96a?w=1200&auto=format&fit=crop&q=80',NULL,1,'2026-03-16 18:18:55','2026-03-16 18:18:55','2026-03-16 18:18:55'),(2,'{\"en\": \"Rakı & Fish Delight in Kalkan: Where Sunset and Freshness Meet\", \"tr\": \"Kalkan\'da Rakı Balık Keyfi: Gün Batımının ve Tazeliğin Buluşması\"}','{\"en\": \"kalkan-raki-fish-delight\", \"tr\": \"kalkan-raki-balik-keyfi\"}','{\"en\": \"All details of the rakı-fish tradition in Kalkan: A deep dive into history, service etiquette, the freshest fish types, and harbor delight.\", \"tr\": \"Kalkan\'da rakı balık geleneğinin tüm detayları: Tarihçe, servis adabı, en taze balık türleri ve liman keyfi üzerine derinlikli bir yazı.\"}','{\"en\": \"<h2>A Rakı-Fish Classic in Kalkan</h2>\\n                    <p>Rakı-fish is indispensable for a holiday on the southern coast of Turkey. However, in Kalkan, this experience reaches a completely different dimension while gliding towards the harbor of the town built on a steep slope. The sparkling waters of Kalkan Harbor and the historical houses in the background form the view accompanying your glass.</p>\\n                    \\n                    <h3>The Importance of Fish Selection: Seasonality and Freshness</h3>\\n                    <p>The foundation of a good rakı-fish table is fresh fish that came from the sea that day. There are many options in Kalkan depending on the season. Red mullet and surmullet in spring, grouper and dentex in summer months, and larger sea bass or bonito decorate the tables in autumn and winter. Kalkan\'s rocky waters ensure that the flesh of the fish is firmer and tastier. Your waiter\'s advice on whether the fish you choose will be better grilled or baked is usually the correct path.</p>\\n                    \\n                    <h3>Rakı Etiquette: Slow and Pleasant</h3>\\n                    <p>Rakı, known as \\\"aslan sütü\\\" (lion\'s milk), is a drink with its own unique rules. Drinking rakı in Kalkan means slowing down the speed of life. Putting the rakı in the glass, adding the water, and the formation of the white cloud is the first ritual at the table. A slice of hard white cheese and a piece of melon coming next to it complete this start. Rakı is drunk sip by sip; with every sip, the salty air of the Mediterranean and the cheerful laughter at the table are blended.</p>\\n                    \\n                    <h3>From Sea to Table: Pruva\'s Presentation</h3>\\n                    <p>As Pruva Restaurant, we attach great importance to obtaining our fish from our local fishermen or our own boat. Every fish that comes to your table is not just a meal, but a gift from the sea to us. Marinations prepared with our chefs\' signature touches highlight the natural flavor of the fish without spoiling it.</p>\\n                    \\n                    <h3>Tips for an Unforgettable Evening</h3>\\n                    <p>If you are going to enjoy rakı-fish in Kalkan, we recommend you start dinner just before sunset. The first sip taken while watching the color change of the sky from orange to purple determines the entire energy of the meal. Also, the conversation at the table is expected to be at least as fulfilling as the food. Putting smartphones aside and focusing on the sound of the sea and the words of those next to you brings real peace.</p>\\n                    \\n                    <p>Rakı-fish in Kalkan is not just an act of filling the stomach, it is a lifestyle. We invite you to Pruva\'s unique view to experience this tradition on site.</p>\", \"tr\": \"<h2>Kalkan\'da Bir Rakı Balık Klasiği</h2>\\n                    <p>Türkiye\'nin güney kıyılarında bir tatilin vazgeçilmezidir rakı-balık. Ancak Kalkan\'da bu deneyim, dik bir yamaç üzerine kurulu kasabanın limanına doğru süzülürken bambaşka bir boyuta ulaşır. Kalkan Limanı\'nın ışıltılı suları ve arka plandaki tarihi evler, kadehinize eşlik eden manzarayı oluşturur.</p>\\n                    \\n                    <h3>Balık Seçiminin Önemi: Mevsimsellik ve Tazelik</h3>\\n                    <p>İyi bir rakı balık sofrasının temeli, denizden o gün gelmiş taze balıktır. Kalkan\'da mevsimine göre birçok seçenek bulunur. İlkbaharda barbun ve tekir, yaz aylarında trança ve lagos, sonbahar ve kış aylarında ise kofana veya palamut sofraları süsler. Kalkan\'ın kayalık suları, balıkların etinin daha sıkı ve lezzetli olmasını sağlar. Seçtiğiniz balığın ızgarada mı yoksa fırında mı dahi iyi olacağı konusunda garsonunuzun tavsiyesi genellikle en doğru yoldur.</p>\\n                    \\n                    <h3>Rakı Adabı: Yavaş ve Keyifli</h3>\\n                    <p>Rakı, \\\"aslan sütü\\\" olarak bilinen ve kendine has kuralları olan bir içecektir. Kalkan\'da rakı içmek, hayatın hızını yavaşlatmak demektir. Rakının kadehe konuluşu, suyun ilave edilişi ve beyaz bulutun oluşumu masadaki ilk ritüeldir. Yanına gelen bir dilim sert beyaz peynir ve bir parça kavun, bu başlangıcı tamamlar. Rakı, yudum yudum içilir; her yudumda Akdeniz\'in tuzlu havası ve sofradaki neşeli kahkahalar harmanlanır.</p>\\n                    \\n                    <h3>Denizden Masaya: Pruva\'nın Sunumu</h3>\\n                    <p>Pruva Restaurant olarak biz, balıklarımızı yerel balıkçılarımızdan veya kendi teknemizden temin etmeye büyük önem veriyoruz. Masanıza gelen her balık, sadece bir yemek değil, denizin bize sunduğu bir armağandır. Şeflerimizin imza dokunuşlarıyla hazırlanan marinasyonlar, balığın doğal lezzetini bozmadan onu daha da ön plana çıkarır.</p>\\n                    \\n                    <h3>Unutulmaz Bir Akşam İçin İpuçları</h3>\\n                    <p>Kalkan\'da rakı balık keyfi yapacaksanız, yemeğe gün batımından hemen önce başlamanızı öneririz. Gökyüzünün turuncudan mora çalan renk değişimini izlerken alınan ilk yudum, yemeğin tüm enerjisini belirler. Ayrıca masadaki sohbetin de en az yemek kadar doyurucu olması beklenir. Akıllı telefonları bir kenara bırakıp, denizin sesine ve yanınızdakilerin kelimelerine odaklanmak gerçek huzuru getirir.</p>\\n                    \\n                    <p>Kalkan\'da rakı balık, sadece bir karın doyurma eylemi değil, bir yaşam tarzıdır. Bu geleneği yerinde yaşamak için sizi Pruva\'nın eşsiz manzarasına bekliyoruz.</p>\"}','https://images.unsplash.com/photo-1565680018093-ebb6e301c6e0?w=1200&auto=format&fit=crop&q=80',NULL,1,'2026-03-15 18:18:55','2026-03-16 18:18:55','2026-03-16 18:18:55'),(3,'{\"en\": \"Kalkan Fasıl Nights: Mediterranean Entertainment Note by Note\", \"tr\": \"Kalkan Fasıl Geceleri: Nota Nota Akdeniz Eğlencesi\"}','{\"en\": \"kalkan-fasil-nights\", \"tr\": \"kalkan-fasil-geceleri\"}','{\"en\": \"The place of fasıl music in Kalkan\'s energetic nights, traditional instruments, and the gastronomic accompaniments of these special nights.\", \"tr\": \"Kalkan\'ın enerjik gecelerinde fasıl müziğinin yeri, geleneksel enstrümanlar ve bu özel gecelerin gastronomik eşlikçileri üzerine bir inceleme.\"}','{\"en\": \"<h2>The Breeze of Kalkan Nights: Fasıl</h2>\\n                    <p>When the sun sets over Kalkan and leaves its place to the stars, a subtle sound is heard gliding through the streets of the town: the enchanting harmony of the qanun, violin, and oud. Fasıl music is one of the strongest bridges combining the traditional Turkish soul with Kalkan\'s modern tourism texture.</p>\\n                    \\n                    <h3>What is Fasıl? A Heritage of Tradition</h3>\\n                    <p>Fasıl, which is actually a music form, has transformed into a holistic entertainment culture over time. In these nights where the most distinguished works of Turkish Classical Music are performed, listeners are not just spectators but also participants accompanying the songs in a choir. In Kalkan, fasıl is usually held on open-air terraces or venues facing the harbor, which increases the effect of the music tenfold.</p>\\n                    \\n                    <h3>Essentials of a Fasıl Table</h3>\\n                    <p>A fasıl table is different from a normal dining table. The focus here is on sharing. \\\"Sharable\\\" mezes served in large plates in the middle ensure that the bond at the table is strengthened. Flavors such as hummus, atom with strained yogurt, spicy paste, and raw pastry accompany the rhythm of the music. The sounds of clinking glasses rising from time to time are the emphasis of joy, which is a natural part of the fasıl.</p>\\n                    \\n                    <h3>A Balance Between Sadness and Joy</h3>\\n                    <p>Fasıl music offers the widest range of emotions. The program, which starts with more sad and heavy songs in the first hours of the night, gives way to energetic dance tunes and cheerful songs in the later hours. This transition is actually a summary of human life. Kalkan\'s mystic atmosphere allows you to feel these emotional transitions even more deeply.</p>\\n                    \\n                    <h3>Special Fasıl Evenings at Pruva</h3>\\n                    <p>As Pruva Restaurant, we provide our guests with unforgettable moments with the fasıl nights we organize from time to time. Every note coming from the hands of master musicians carries the shared cultural heritage of the Aegean and the Mediterranean to your table. For us, fasıl is not just music, but a language that unites hearts.</p>\\n                    \\n                    <h3>Suggestions to Beautiful Your Experience</h3>\\n                    <p>If you are going to participate in a fasıl night, being familiar with the song list (repertoire) or at least accompanying the choruses will increase your pleasure. Also, you should let yourself go into the flow of the music and not break communication with other guests at the table. Fasıl is a happiness that increases as it is shared.</p>\\n                    \\n                    <p>Crowning your Kalkan holiday with a fasıl night will prove to you that the region is not just a holiday resort, but a living cultural center.</p>\", \"tr\": \"<h2>Kalkan Gecelerinin Rüzgarı: Fasıl</h2>\\n                    <p>Güneş Kalkan\'ın üzerinden batıp yerini yıldızlara bıraktığında, kasabanın sokaklarından ince ince süzülen bir ses duyulur: Kanun, keman ve udun büyüleyici uyumu. Fasıl müziği, Kalkan\'ın modern turizm dokusuyla geleneksel Türk ruhunu birleştiren en güçlü köprülerden biridir.</p>\\n                    \\n                    <h3>Fasıl Nedir? Bir Gelenek Mirası</h3>\\n                    <p>Aslında bir müzik formu olan fasıl, zamanla bütünsel bir eğlence kültürüne dönüşmüştür. Türk Sanat Müziği\'nin en seçkin eserlerinin icra edildiği bu gecelerde, dinleyiciler sadece birer izleyici değil, aynı zamanda koro halinde şarkılara eşlik eden birer katılımcıdır. Kalkan\'da fasıl, genellikle açık hava teraslarında veya limana nazır mekanlarda yapılır, bu da müziğin etkisini on kat artırır.</p>\\n                    \\n                    <h3>Fasıl Masasının Olmazsa Olmazları</h3>\\n                    <p>Bir fasıl masası, normal bir yemek masasından farklıdır. Burada odak noktası paylaşımdır. Ortaya gelen büyük tabaklarda sunulan \\\"paylaşımlık\\\" mezeler, masadaki bağın güçlenmesini sağlar. Humus, süzme yoğurtlu atom, acılı ezme ve çiğ börek gibi lezzetler müziğin ritmine eşlik eder. Ara ara yükselen kadeh sesleri, fasılın doğal bir parçası olan neşe vurgusudur.</p>\\n                    \\n                    <h3>Hüzün ve Neşe Arasında Bir Denge</h3>\\n                    <p>Fasıl müziği, duyguların en geniş yelpazesini sunar. Gecenin ilk saatlerinde daha hüzünlü ve ağır şarkılarla (gazeller, ağır aksak formlar) başlayan program, ilerleyen saatlerde yerini enerjik oyun havalarına ve neşeli şarkılara bırakır. Bu geçiş, aslında insan hayatının bir özetidir. Kalkan\'ın mistik havası, bu duygusal geçişleri daha da derin hissetmenizi sağlar.</p>\\n                    \\n                    <h3>Pruva\'da Özel Fasıl Akşamları</h3>\\n                    <p>Pruva Restaurant olarak, misafirlerimize dönem dönem düzenlediğimiz fasıl geceleriyle unutulmaz anlar yaşatıyoruz. Usta müzisyenlerin elinden çıkan her nota, Ege ve Akdeniz\'in ortak kültürel mirasını masanıza taşır. Bizim için fasıl, sadece müzik değil, kalpleri birleştiren bir dildir.</p>\\n                    \\n                    <h3>Deneyiminizi Güzelleştirecek Öneriler</h3>\\n                    <p>Fasıl gecesine katılacaksanız, şarkı listesine (repertuvar) aşina olmak veya en azından nakaratlara eşlik etmek keyfinizi artıracaktır. Ayrıca, müziğin akışına kendinizi bırakmalı ve masadaki diğer misafirlerle olan iletişimi koparmamalısınız. Fasıl, paylaşıldıkça çoğalan bir mutluluktur.</p>\\n                    \\n                    <p>Kalkan tatilinizi bir fasıl gecesiyle taçlandırmak, size bölgenin sadece bir tatil beldesi değil, yaşayan bir kültür merkezi olduğunu kanıtlayacaktır.</p>\"}','https://images.unsplash.com/photo-1544025162-d76694265947?w=1200&auto=format&fit=crop&q=80',NULL,1,'2026-03-14 18:18:55','2026-03-16 18:18:55','2026-03-16 18:18:55'),(4,'{\"en\": \"The Best Fish Restaurants in Kalkan: 2024 Gastronomy Guide\", \"tr\": \"Kalkan\'ın En İyi Balık Restoranları: 2024 Gastronomi Rehberi\"}','{\"en\": \"best-fish-restaurants-in-kalkan-guide\", \"tr\": \"kalkan-en-iyi-balik-restoranlari-rehberi\"}','{\"en\": \"A comprehensive guide full of the best addresses, chefs\' recommendations, and reservation tips for a perfect seafood experience in Kalkan.\", \"tr\": \"Kalkan\'da kusursuz bir deniz mahsulleri deneyimi için en iyi adresler, şeflerin önerileri ve rezervasyon ipuçlarıyla dolu kapsamlı bir rehber.\"}','{\"en\": \"<h2>Choosing a Fish Restaurant for Gourmets in Kalkan</h2>\\n                    <p>Kalkan is not just a holiday resort, but also a gastronomy center where the most distinguished examples of Mediterranean cuisine are presented. Finding the \\\"best\\\" among dozens of restaurants can sometimes be challenging. In this guide, you will find information on the best fish restaurants prepared by considering quality, freshness, and atmospheric criteria.</p>\\n                    \\n                    <h3>How Do You Recognize Quality in a Fish Restaurant?</h3>\\n                    <p>A good fish restaurant acts seasonally. If you are promised fresh grouper in January, there should be a question mark. The best restaurants in Kalkan work with local cooperatives and update their menus according to what comes out of the sea that day. Also, the brightness of the eyes and the color of the gills of the fish in the restaurant\'s showcase are the most concrete evidence of freshness.</p>\\n                    \\n                    <h3>Harbor vs. Hillside: Which Atmosphere?</h3>\\n                    <p>When choosing a fish restaurant in Kalkan, you choose one of two basic atmospheres: in the harbor or on the hillside terraces. The restaurants in the harbor are at the center of the movement and town life. The sounds of boats and the joy of the crowd accompany you. Hillside terrace restaurants promise an endless sea view and silence. As Pruva Restaurant, we offer service in a location that combines both advantages, both integrated with the sea and away from the chaos.</p>\\n                    \\n                    <h3>Signature Flavors: Not Just Fish</h3>\\n                    <p>The best Kalkan fish restaurants stand out not only with their main courses but also with their signature hot starters. Modern touches such as sea bass with cnicus benedictus, fish kokoreç with basil, or octopus carpaccio with lemon sauce show the creativity of the restaurant. Chefs who combine traditional methods with modern presentations are making Kalkan a gastronomy brand.</p>\\n                    \\n                    <h3>Kalkan Fish Restaurant Prices and Reservation</h3>\\n                    <p>As of 2024, prices in Kalkan vary according to the location of the venue and the quality of the service provided. But remember that \\\"the most expensive\\\" does not always mean \\\"the best\\\". True flavor is in the honesty of the ingredients. Especially in July and August, we strongly recommend you book at least 2 days in advance to get the table you want.</p>\\n                    \\n                    <p>In conclusion, Kalkan\'s fish restaurants will offer you the generosity of the Mediterranean. With the right choice, this meal can be the brightest memory of your holiday.</p>\", \"tr\": \"<h2>Kalkan\'da Gurmeler İçin Balık Restoranı Seçimi</h2>\\n                    <p>Kalkan, sadece bir tatil beldesi değil, aynı zamanda Akdeniz mutfağının en seçkin örneklerinin sunulduğu bir gastronomi merkezidir. Onlarca restoran arasında \\\"en iyi\\\"yi bulmak, bazen zorlayıcı olabilir. Bu rehberimizde, kalite, tazelik ve atmosfer kriterlerini gözeterek hazırladığımız en iyi balık restoranı ipuçlarını bulacaksınız.</p>\\n                    \\n                    <h3>Balık Restoranında Kaliteyi Nasıl Anlarsınız?</h3>\\n                    <p>İyi bir balık restoranı, öncelikle mevsimsel davranır. Eğer Ocak ayında size taze Lagos vaat ediliyorsa, orada bir soru işareti olmalıdır. Kalkan\'ın en iyi restoranları, yerel kooperatiflerle çalışır ve o gün denizden ne çıktıysa menüsünü ona göre günceller. Ayrıca, restoranın vitrinindeki balıkların gözlerinin parlaklığı ve solungaçlarının rengi, tazeliğin en somut kanıtıdır.</p>\\n                    \\n                    <h3>Liman vs. Yamaç: Hangi Atmosfer?</h3>\\n                    <p>Kalkan\'da balık restoranı seçerken iki temel atmosferden birini tercih edersiniz: Liman içi veya yamaç terasları. Liman içindeki restoranlar, hareketin ve kasaba hayatının tam merkezindedir. Tekne sesleri ve kalabalığın neşesi size eşlik eder. Yamaçlardaki teras restoranlar ise uçsuz bucaksız deniz manzarası ve sessizlik vaat eder. Pruva Restaurant olarak biz, her iki avantajı da birleştiren, hem denizle iç içe hem de kaostan uzak bir konumda hizmet sunuyoruz.</p>\\n                    \\n                    <h3>İmza Lezzetler: Sadece Balık Değil</h3>\\n                    <p>En iyi Kalkan balık restoranları, sadece ana yemeğiyle değil, imza ara sıcaklarıyla da öne çıkar. Şevketi bostanlı levrek, fesleğenli balık kokoreç veya limon soslu ahtapot carpaccio gibi modern dokunuşlar, restoranın yaratıcılığını gösterir. Geleneksel yöntemleri modern sunumlarla birleştiren şefler, Kalkan\'ı bir gastronomi markası haline getiriyor.</p>\\n                    \\n                    <h3>Kalkan Balık Restoranı Fiyatları ve Rezervasyon</h3>\\n                    <p>2024 yılı itibarıyla Kalkan\'da fiyatlar mekanın konumu ve sunduğu hizmetin kalitesine göre farklılık gösterir. Ancak unutmayın ki, \\\"en pahalı\\\" her zaman \\\"en iyi\\\" demek değildir. Gerçek lezzet, malzemenin dürüstlüğündedir. Özellikle Temmuz ve Ağustos aylarında, istediğiniz masayı alabilmek için en az 2 gün önceden rezervasyon yaptırmanızı şiddetle tavsiye ederiz.</p>\\n                    \\n                    <p>Sonuç olarak, Kalkan\'ın balık restoranları size Akdeniz\'in cömertliğini sunacaktır. Doğru seçimle, bu yemek tatilinizin en parlak anısı olabilir.</p>\"}','https://images.unsplash.com/photo-1510130387422-82bed34b37e9?w=1200&auto=format&fit=crop&q=80',NULL,1,'2026-03-13 18:18:55','2026-03-16 18:18:55','2026-03-16 18:18:55'),(5,'{\"en\": \"Kalkan Fish Restaurant Experience: Why Pruva is Simply Different?\", \"tr\": \"Kalkan Balık Restoranı Deneyimi: Neden Pruva Tek Kelimeyle Farklı?\"}','{\"en\": \"kalkan-fish-restaurant-experience-pruva\", \"tr\": \"kalkan-balik-restorani-deneyimi-pruva\"}','{\"en\": \"A journey through the story, service philosophy, and kitchen secrets of Pruva Restaurant, located by the seaside in the heart of Kalkan.\", \"tr\": \"Kalkan\'ın kalbinde, deniz kenarında konumlanan Pruva Restaurant\'ın hikayesi, servis felsefesi ve mutfak sırları üzerine bir yolculuk.\"}','{\"en\": \"<h2>Pruva Restaurant: A Kalkan Tale</h2>\\n                    <p>Pruva is located at that unique curve of the Kalkan Peninsula, at a point where you can feel the smell of the sea at any moment. For us, running a fish restaurant is not just a business, but an art of hospitality. One of the most important features that distinguish Pruva from others is our sincerity that makes you feel at home.</p>\\n                    \\n                    <h3>Our Kitchen Philosophy: Respect for Naturalness</h3>\\n                    <p>Our chefs personally select the fresh produce coming from Kalkan Harbor every morning. There is no place for frozen products or artificial sweeteners in our kitchen. The fish cooking in its own juice, the quality of the olive oil, and the balance of the spices are sacred to us. Fresh thyme and rosemary from our own garden form the soul of our meals.</p>\\n                    \\n                    <h3>Our Wine and Rakı Cellar</h3>\\n                    <p>A good meal is completed with the correct drink pairing. At Pruva, we have a wide cellar ranging from local Turkish wines to the most exclusive regions of the world. Our rakı varieties are carefully selected to offer the best companions to the \\\"white cloud\\\". Our waiters always guide you on the most suitable drink for the meal you choose.</p>\\n                    \\n                    <h3>Sustainability and Love for the Sea</h3>\\n                    <p>We are in love with the sea, and this love brings a great responsibility with it. As Pruva Restaurant, we support sustainable fishing and strictly comply with hunting bans. By respecting what the sea offers us, we do our part so that future generations can taste these flavors too. Every material we use is a product of this respect.</p>\\n                    \\n                    <h3>Pruva Through the Eyes of Our Guests</h3>\\n                    <p>The most common sentence we hear from our guests who have been choosing us for years is: \\\"Peace\\\". When you come to Pruva, not only is your stomach filled, but your soul also merges with the calm waters of the Mediterranean. That sweet fatigue you feel while sipping your coffee when your dinner is finished is our greatest achievement.</p>\\n                    \\n                    <h3>We Are Waiting for You</h3>\\n                    <p>In your search for a Kalkan Fish Restaurant, we invite you to the peak of flavor and view, away from the ordinary. As the Pruva family, we look forward to sharing Mediterranean evenings together.</p>\", \"tr\": \"<h2>Pruva Restaurant: Bir Kalkan Masalı</h2>\\n                    <p>Kalkan Yarımadası\'nın o eşsiz kıvrımında, denizin kokusunu her an hissedebileceğiniz bir noktada yer alıyor Pruva. Bizim için bir balık restoranı işletmek sadece bir ticaret değil, bir misafir ağırlama sanatıdır. Pruva\'yı diğerlerinden ayıran en önemli özelliklerden biri, kendinizi evinizdeymiş gibi hissettiren samimiyetimizdir.</p>\\n                    \\n                    <h3>Mutfak Felsefemiz: Doğallığa Saygı</h3>\\n                    <p>Şeflerimiz, her sabah Kalkan Limanı\'ndan gelen taze mahsulleri bizzat seçer. Mutfağımızda dondurulmuş ürünlere veya yapay tatlandırıcılara yer yoktur. Balığın kendi suyunun içinde pişmesi, zeytinyağının kalitesi ve baharatların dengesi bizim için kutsaldır. Kendi bahçemizden gelen taze kekik ve biberiyeler, yemeklerimizin ruhunu oluşturur.</p>\\n                    \\n                    <h3>Şarap ve Rakı Kavımız</h3>\\n                    <p>İyi bir yemek, doğru içecek eşleşmesiyle tamamlanır. Pruva\'da yerel Türk şaraplarından dünyanın en seçkin bölgelerine kadar uzanan geniş bir kavımız bulunmaktadır. Rakı çeşitlerimiz ise, \\\"beyaz bulutun\\\" en iyi eşlikçilerini sunmak üzere özenle seçilmiştir. Garsonlarımız, seçtiğiniz yemeğe en uygun içecek konusunda size her zaman rehberlik eder.</p>\\n                    \\n                    <h3>Sürdürülebilirlik ve Deniz Sevgisi</h3>\\n                    <p>Biz denize aşığız ve bu aşk beraberinde büyük bir sorumluluk getiriyor. Pruva Restaurant olarak, sürdürülebilir balıkçılığı destekliyor, avlanma yasaklarına harfiyen uyuyoruz. Denizin bize sunduklarına saygı duyarak, gelecek nesillerin de bu lezzetleri tadabilmesi için üzerimize düşeni yapıyoruz. Kullandığımız her malzeme, bu saygının bir ürünüdür.</p>\\n                    \\n                    <h3>Misafirlerimizin Gözünden Pruva</h3>\\n                    <p>Yıllardır bizi tercih eden misafirlerimizden duyduğumuz en ortak cümle: \\\"Huzur\\\". Pruva\'ya geldiğinizde sadece karnınız doymaz, ruhunuz da Akdeniz\'in dingin sularıyla birleşir. Akşam yemeğiniz bittiğinde, kahvenizi yudumlarken hissettiğiniz o tatlı yorgunluk, bizim en büyük başarımızdır.</p>\\n                    \\n                    <h3>Sizi Bekliyoruz</h3>\\n                    <p>Kalkan Balık Restoranı arayışınızda, sizi sıradanlıktan uzak, lezzet ve manzaranın doruk noktasına davet ediyoruz. Pruva ailesi olarak, Akdeniz akşamlarını birlikte paylaşmak için sabırsızlanıyoruz.</p>\"}','https://images.unsplash.com/photo-1534604973900-c43ab4c2e0ab?w=1200&auto=format&fit=crop&q=80',NULL,1,'2026-03-12 18:18:55','2026-03-16 18:18:55','2026-03-16 18:18:55');
/*!40000 ALTER TABLE `blog_posts` ENABLE KEYS */;
UNLOCK TABLES;

--
-- Table structure for table `cache`
--

DROP TABLE IF EXISTS `cache`;
/*!40101 SET @saved_cs_client     = @@character_set_client */;
/*!50503 SET character_set_client = utf8mb4 */;
CREATE TABLE `cache` (
  `key` varchar(255) CHARACTER SET utf8mb4 COLLATE utf8mb4_unicode_ci NOT NULL,
  `value` mediumtext CHARACTER SET utf8mb4 COLLATE utf8mb4_unicode_ci NOT NULL,
  `expiration` int NOT NULL,
  PRIMARY KEY (`key`),
  KEY `cache_expiration_index` (`expiration`)
) ENGINE=InnoDB DEFAULT CHARSET=utf8mb4 COLLATE=utf8mb4_unicode_ci;
/*!40101 SET character_set_client = @saved_cs_client */;

--
-- Dumping data for table `cache`
--

LOCK TABLES `cache` WRITE;
/*!40000 ALTER TABLE `cache` DISABLE KEYS */;
INSERT INTO `cache` VALUES ('pruva-meyhane-cache-356a192b7913b04c54574d18c28d46e6395428ab','i:1;',1773698470),('pruva-meyhane-cache-356a192b7913b04c54574d18c28d46e6395428ab:timer','i:1773698470;',1773698470),('pruva-meyhane-cache-usd_to_try_rate_tcmb','d:44.1855;',1773739212);
/*!40000 ALTER TABLE `cache` ENABLE KEYS */;
UNLOCK TABLES;

--
-- Table structure for table `cache_locks`
--

DROP TABLE IF EXISTS `cache_locks`;
/*!40101 SET @saved_cs_client     = @@character_set_client */;
/*!50503 SET character_set_client = utf8mb4 */;
CREATE TABLE `cache_locks` (
  `key` varchar(255) CHARACTER SET utf8mb4 COLLATE utf8mb4_unicode_ci NOT NULL,
  `owner` varchar(255) CHARACTER SET utf8mb4 COLLATE utf8mb4_unicode_ci NOT NULL,
  `expiration` int NOT NULL,
  PRIMARY KEY (`key`),
  KEY `cache_locks_expiration_index` (`expiration`)
) ENGINE=InnoDB DEFAULT CHARSET=utf8mb4 COLLATE=utf8mb4_unicode_ci;
/*!40101 SET character_set_client = @saved_cs_client */;

--
-- Dumping data for table `cache_locks`
--

LOCK TABLES `cache_locks` WRITE;
/*!40000 ALTER TABLE `cache_locks` DISABLE KEYS */;
/*!40000 ALTER TABLE `cache_locks` ENABLE KEYS */;
UNLOCK TABLES;

--
-- Table structure for table `categories`
--

DROP TABLE IF EXISTS `categories`;
/*!40101 SET @saved_cs_client     = @@character_set_client */;
/*!50503 SET character_set_client = utf8mb4 */;
CREATE TABLE `categories` (
  `id` bigint unsigned NOT NULL AUTO_INCREMENT,
  `name` json NOT NULL,
  `slug` json DEFAULT NULL,
  `description` json DEFAULT NULL,
  `image` varchar(255) CHARACTER SET utf8mb4 COLLATE utf8mb4_unicode_ci DEFAULT NULL,
  `order_column` int NOT NULL DEFAULT '0',
  `is_active` tinyint(1) NOT NULL DEFAULT '1',
  `created_at` timestamp NULL DEFAULT NULL,
  `updated_at` timestamp NULL DEFAULT NULL,
  `parent_id` bigint unsigned DEFAULT NULL,
  PRIMARY KEY (`id`),
  KEY `categories_parent_id_foreign` (`parent_id`),
  CONSTRAINT `categories_parent_id_foreign` FOREIGN KEY (`parent_id`) REFERENCES `categories` (`id`) ON DELETE CASCADE
) ENGINE=InnoDB AUTO_INCREMENT=67 DEFAULT CHARSET=utf8mb4 COLLATE=utf8mb4_unicode_ci;
/*!40101 SET character_set_client = @saved_cs_client */;

--
-- Dumping data for table `categories`
--

LOCK TABLES `categories` WRITE;
/*!40000 ALTER TABLE `categories` DISABLE KEYS */;
INSERT INTO `categories` VALUES (19,'{\"en\": \"Lunch Menu\", \"tr\": \"Lunch Menüsü\"}','{\"en\": \"lunch-menu\", \"tr\": \"lunch-menusu\"}','{\"en\": \"Light bites to share with your wine.\", \"tr\": \"Şarabınız eşliğinde paylaşabileceğiniz atıştırmalıklar.\"}','categories/4O0YbWMpDVRmgHlEt0b79UzoMvehBOmGZnTtug3a.webp',1,1,'2026-02-27 22:56:37','2026-03-16 19:00:14',NULL),(20,'{\"en\": \"Dinner Menu\", \"tr\": \"Akşam Yemeği Menüsü\"}','{\"en\": \"dinner-menu\", \"tr\": \"aksam-yemegi-menusu\"}','{\"en\": \"Fresh seafood and premium local recipes.\", \"tr\": \"Özenle hazırlanmış günlük deniz ürünleri ve yemek tabakları.\"}',NULL,2,1,'2026-02-27 22:56:37','2026-03-16 18:44:49',NULL),(21,'{\"en\": \"Drink Menu\", \"tr\": \"İçecek Menüsü\"}','{\"en\": \"drink-menu\", \"tr\": \"icecek-menusu\"}','{\"en\": \"Signature sunset cocktails and a curated local wines.\", \"tr\": \"Aromatik imza kokteyllerimiz, özel şarap ve içecek kavımız.\"}',NULL,3,1,'2026-02-27 22:56:37','2026-03-04 17:50:52',NULL),(27,'{\"en\": \"Wines\", \"tr\": \"Şaraplar\"}','{\"en\": \"wines\", \"tr\": \"wines\"}','[]',NULL,1,1,'2026-02-27 22:56:37','2026-03-04 17:50:52',21),(38,'{\"en\": \"Soft Drinks\", \"tr\": \"İçecekler\"}',NULL,NULL,NULL,1,1,'2026-03-16 18:48:32','2026-03-16 18:48:32',21),(39,'{\"en\": \"Hot Drinks\", \"tr\": \"Sıcak İçecekler\"}',NULL,NULL,NULL,2,1,'2026-03-16 18:48:32','2026-03-16 18:48:32',21),(40,'{\"en\": \"Beers\", \"tr\": \"Biralar\"}',NULL,NULL,NULL,3,1,'2026-03-16 18:48:32','2026-03-16 18:48:32',21),(41,'{\"en\": \"Whiskies\", \"tr\": \"Viskiler\"}',NULL,NULL,NULL,4,1,'2026-03-16 18:48:32','2026-03-16 18:48:32',21),(42,'{\"en\": \"Vodkas\", \"tr\": \"Vodkalar\"}',NULL,NULL,NULL,5,1,'2026-03-16 18:48:32','2026-03-16 18:48:32',21),(43,'{\"en\": \"Gin\", \"tr\": \"Cin\"}',NULL,NULL,NULL,6,1,'2026-03-16 18:48:32','2026-03-16 18:48:32',21),(44,'{\"en\": \"Imports\", \"tr\": \"İthal İçkiler\"}',NULL,NULL,NULL,7,1,'2026-03-16 18:48:32','2026-03-16 18:48:32',21),(45,'{\"en\": \"Tequila\", \"tr\": \"Tekila\"}',NULL,NULL,NULL,8,1,'2026-03-16 18:48:32','2026-03-16 18:48:32',21),(46,'{\"en\": \"Cocktails\", \"tr\": \"Kokteyller\"}',NULL,NULL,NULL,9,1,'2026-03-16 18:48:32','2026-03-16 18:48:32',21),(47,'{\"en\": \"Mocktails\", \"tr\": \"Alkolsüz Kokteyller\"}',NULL,NULL,NULL,10,1,'2026-03-16 18:48:32','2026-03-16 18:48:32',21),(48,'{\"en\": \"Rakis\", \"tr\": \"Rakılar\"}',NULL,NULL,NULL,11,1,'2026-03-16 18:48:32','2026-03-16 18:48:32',21),(49,'{\"en\": \"Appetizers\", \"tr\": \"Aperatifler\"}',NULL,NULL,NULL,1,1,'2026-03-16 18:51:49','2026-03-16 18:51:49',19),(50,'{\"en\": \"Salads\", \"tr\": \"Salatalar\"}',NULL,NULL,NULL,2,1,'2026-03-16 18:51:49','2026-03-16 18:51:49',19),(51,'{\"en\": \"Wraps\", \"tr\": \"Dürümler\"}',NULL,NULL,NULL,3,1,'2026-03-16 18:51:49','2026-03-16 18:51:49',19),(52,'{\"en\": \"Fajitas\", \"tr\": \"Fajitalar\"}',NULL,NULL,NULL,4,1,'2026-03-16 18:51:49','2026-03-16 18:51:49',19),(53,'{\"en\": \"Pastas\", \"tr\": \"Makarnalar\"}',NULL,NULL,NULL,5,1,'2026-03-16 18:51:49','2026-03-16 18:51:49',19),(54,'{\"en\": \"Burgers\", \"tr\": \"Burgerler\"}',NULL,NULL,NULL,6,1,'2026-03-16 18:51:49','2026-03-16 18:51:49',19),(55,'{\"en\": \"Main Courses\", \"tr\": \"Ana Yemekler\"}',NULL,NULL,NULL,7,1,'2026-03-16 18:51:49','2026-03-16 18:51:49',19),(56,'{\"en\": \"Desserts\", \"tr\": \"Tatlılar\"}',NULL,NULL,NULL,8,1,'2026-03-16 18:51:49','2026-03-16 18:51:49',19),(57,'{\"en\": \"Cold Appetizers\", \"tr\": \"Soğuk Mezeler\"}',NULL,NULL,NULL,1,1,'2026-03-16 18:53:15','2026-03-16 18:53:15',20),(58,'{\"en\": \"Hot Appetizers\", \"tr\": \"Ara Sıcaklar\"}',NULL,NULL,NULL,2,1,'2026-03-16 18:53:15','2026-03-16 18:53:15',20),(59,'{\"en\": \"Sides\", \"tr\": \"Garnitürler\"}',NULL,NULL,NULL,3,1,'2026-03-16 18:53:15','2026-03-16 18:53:15',20),(60,'{\"en\": \"Salads\", \"tr\": \"Salatalar\"}',NULL,NULL,NULL,4,1,'2026-03-16 18:53:15','2026-03-16 18:53:15',20),(61,'{\"en\": \"Main Courses - Fish\", \"tr\": \"Ana Yemekler - Balık\"}',NULL,NULL,NULL,5,1,'2026-03-16 18:53:15','2026-03-16 18:53:15',20),(62,'{\"en\": \"Main Courses - Meat\", \"tr\": \"Ana Yemekler - Et\"}',NULL,NULL,NULL,6,1,'2026-03-16 18:53:15','2026-03-16 18:53:15',20),(63,'{\"en\": \"Main Courses - Chicken\", \"tr\": \"Ana Yemekler - Tavuk\"}',NULL,NULL,NULL,7,1,'2026-03-16 18:53:15','2026-03-16 18:53:15',20),(64,'{\"en\": \"Fajitas\", \"tr\": \"Fajitalar\"}',NULL,NULL,NULL,8,1,'2026-03-16 18:53:15','2026-03-16 18:53:15',20),(65,'{\"en\": \"Kids Menu\", \"tr\": \"Çocuk Menüsü\"}',NULL,NULL,NULL,9,1,'2026-03-16 18:53:15','2026-03-16 18:53:15',20),(66,'{\"en\": \"Desserts\", \"tr\": \"Tatlılar\"}',NULL,NULL,NULL,10,1,'2026-03-16 18:53:15','2026-03-16 18:53:15',20);
/*!40000 ALTER TABLE `categories` ENABLE KEYS */;
UNLOCK TABLES;

--
-- Table structure for table `failed_jobs`
--

DROP TABLE IF EXISTS `failed_jobs`;
/*!40101 SET @saved_cs_client     = @@character_set_client */;
/*!50503 SET character_set_client = utf8mb4 */;
CREATE TABLE `failed_jobs` (
  `id` bigint unsigned NOT NULL AUTO_INCREMENT,
  `uuid` varchar(255) CHARACTER SET utf8mb4 COLLATE utf8mb4_unicode_ci NOT NULL,
  `connection` text CHARACTER SET utf8mb4 COLLATE utf8mb4_unicode_ci NOT NULL,
  `queue` text CHARACTER SET utf8mb4 COLLATE utf8mb4_unicode_ci NOT NULL,
  `payload` longtext CHARACTER SET utf8mb4 COLLATE utf8mb4_unicode_ci NOT NULL,
  `exception` longtext CHARACTER SET utf8mb4 COLLATE utf8mb4_unicode_ci NOT NULL,
  `failed_at` timestamp NOT NULL DEFAULT CURRENT_TIMESTAMP,
  PRIMARY KEY (`id`),
  UNIQUE KEY `failed_jobs_uuid_unique` (`uuid`)
) ENGINE=InnoDB DEFAULT CHARSET=utf8mb4 COLLATE=utf8mb4_unicode_ci;
/*!40101 SET character_set_client = @saved_cs_client */;

--
-- Dumping data for table `failed_jobs`
--

LOCK TABLES `failed_jobs` WRITE;
/*!40000 ALTER TABLE `failed_jobs` DISABLE KEYS */;
/*!40000 ALTER TABLE `failed_jobs` ENABLE KEYS */;
UNLOCK TABLES;

--
-- Table structure for table `feedback`
--

DROP TABLE IF EXISTS `feedback`;
/*!40101 SET @saved_cs_client     = @@character_set_client */;
/*!50503 SET character_set_client = utf8mb4 */;
CREATE TABLE `feedback` (
  `id` bigint unsigned NOT NULL AUTO_INCREMENT,
  `name` varchar(255) CHARACTER SET utf8mb4 COLLATE utf8mb4_unicode_ci DEFAULT NULL,
  `contact` varchar(255) CHARACTER SET utf8mb4 COLLATE utf8mb4_unicode_ci DEFAULT NULL,
  `message` text CHARACTER SET utf8mb4 COLLATE utf8mb4_unicode_ci NOT NULL,
  `is_read` tinyint(1) NOT NULL DEFAULT '0',
  `created_at` timestamp NULL DEFAULT NULL,
  `updated_at` timestamp NULL DEFAULT NULL,
  PRIMARY KEY (`id`)
) ENGINE=InnoDB AUTO_INCREMENT=2 DEFAULT CHARSET=utf8mb4 COLLATE=utf8mb4_unicode_ci;
/*!40101 SET character_set_client = @saved_cs_client */;

--
-- Dumping data for table `feedback`
--

LOCK TABLES `feedback` WRITE;
/*!40000 ALTER TABLE `feedback` DISABLE KEYS */;
INSERT INTO `feedback` VALUES (1,'Şğüöç Müşteri','test@test.com','Bu bir test mesajıdır. Şğüöçİı karakterleri test ediliyor.',0,'2026-03-04 22:40:19','2026-03-04 22:40:19');
/*!40000 ALTER TABLE `feedback` ENABLE KEYS */;
UNLOCK TABLES;

--
-- Table structure for table `gallery_images`
--

DROP TABLE IF EXISTS `gallery_images`;
/*!40101 SET @saved_cs_client     = @@character_set_client */;
/*!50503 SET character_set_client = utf8mb4 */;
CREATE TABLE `gallery_images` (
  `id` bigint unsigned NOT NULL AUTO_INCREMENT,
  `title` json DEFAULT NULL,
  `image` varchar(255) CHARACTER SET utf8mb4 COLLATE utf8mb4_unicode_ci NOT NULL,
  `alt_text` json DEFAULT NULL,
  `order_column` int NOT NULL DEFAULT '0',
  `is_active` tinyint(1) NOT NULL DEFAULT '1',
  `created_at` timestamp NULL DEFAULT NULL,
  `updated_at` timestamp NULL DEFAULT NULL,
  PRIMARY KEY (`id`)
) ENGINE=InnoDB AUTO_INCREMENT=24 DEFAULT CHARSET=utf8mb4 COLLATE=utf8mb4_unicode_ci;
/*!40101 SET character_set_client = @saved_cs_client */;

--
-- Dumping data for table `gallery_images`
--

LOCK TABLES `gallery_images` WRITE;
/*!40000 ALTER TABLE `gallery_images` DISABLE KEYS */;
INSERT INTO `gallery_images` VALUES (20,'{\"en\": null}','gallery/tqJ8s02rzu33Fb5rZydvP83kZLclIuYvGmS6Jg1b.webp','{\"en\": null}',0,1,'2026-03-15 19:09:01','2026-03-16 18:22:04'),(22,'{\"en\": null}','gallery/4TNdsA4CNjxXkj9uxZDYJI5ngacxi4HE4XuQdWkf.webp','{\"en\": null}',0,1,'2026-03-15 19:09:01','2026-03-16 18:22:04');
/*!40000 ALTER TABLE `gallery_images` ENABLE KEYS */;
UNLOCK TABLES;

--
-- Table structure for table `job_batches`
--

DROP TABLE IF EXISTS `job_batches`;
/*!40101 SET @saved_cs_client     = @@character_set_client */;
/*!50503 SET character_set_client = utf8mb4 */;
CREATE TABLE `job_batches` (
  `id` varchar(255) CHARACTER SET utf8mb4 COLLATE utf8mb4_unicode_ci NOT NULL,
  `name` varchar(255) CHARACTER SET utf8mb4 COLLATE utf8mb4_unicode_ci NOT NULL,
  `total_jobs` int NOT NULL,
  `pending_jobs` int NOT NULL,
  `failed_jobs` int NOT NULL,
  `failed_job_ids` longtext CHARACTER SET utf8mb4 COLLATE utf8mb4_unicode_ci NOT NULL,
  `options` mediumtext CHARACTER SET utf8mb4 COLLATE utf8mb4_unicode_ci,
  `cancelled_at` int DEFAULT NULL,
  `created_at` int NOT NULL,
  `finished_at` int DEFAULT NULL,
  PRIMARY KEY (`id`)
) ENGINE=InnoDB DEFAULT CHARSET=utf8mb4 COLLATE=utf8mb4_unicode_ci;
/*!40101 SET character_set_client = @saved_cs_client */;

--
-- Dumping data for table `job_batches`
--

LOCK TABLES `job_batches` WRITE;
/*!40000 ALTER TABLE `job_batches` DISABLE KEYS */;
/*!40000 ALTER TABLE `job_batches` ENABLE KEYS */;
UNLOCK TABLES;

--
-- Table structure for table `jobs`
--

DROP TABLE IF EXISTS `jobs`;
/*!40101 SET @saved_cs_client     = @@character_set_client */;
/*!50503 SET character_set_client = utf8mb4 */;
CREATE TABLE `jobs` (
  `id` bigint unsigned NOT NULL AUTO_INCREMENT,
  `queue` varchar(255) CHARACTER SET utf8mb4 COLLATE utf8mb4_unicode_ci NOT NULL,
  `payload` longtext CHARACTER SET utf8mb4 COLLATE utf8mb4_unicode_ci NOT NULL,
  `attempts` tinyint unsigned NOT NULL,
  `reserved_at` int unsigned DEFAULT NULL,
  `available_at` int unsigned NOT NULL,
  `created_at` int unsigned NOT NULL,
  PRIMARY KEY (`id`),
  KEY `jobs_queue_index` (`queue`)
) ENGINE=InnoDB DEFAULT CHARSET=utf8mb4 COLLATE=utf8mb4_unicode_ci;
/*!40101 SET character_set_client = @saved_cs_client */;

--
-- Dumping data for table `jobs`
--

LOCK TABLES `jobs` WRITE;
/*!40000 ALTER TABLE `jobs` DISABLE KEYS */;
/*!40000 ALTER TABLE `jobs` ENABLE KEYS */;
UNLOCK TABLES;

--
-- Table structure for table `menu_items`
--

DROP TABLE IF EXISTS `menu_items`;
/*!40101 SET @saved_cs_client     = @@character_set_client */;
/*!50503 SET character_set_client = utf8mb4 */;
CREATE TABLE `menu_items` (
  `id` bigint unsigned NOT NULL AUTO_INCREMENT,
  `category_id` bigint unsigned NOT NULL,
  `name` json NOT NULL,
  `slug` json DEFAULT NULL,
  `description` json DEFAULT NULL,
  `price` decimal(10,2) DEFAULT NULL,
  `is_vegan` tinyint(1) NOT NULL DEFAULT '0',
  `likes_count` bigint unsigned NOT NULL DEFAULT '0',
  `allergen_info` json DEFAULT NULL,
  `image` varchar(255) CHARACTER SET utf8mb4 COLLATE utf8mb4_unicode_ci DEFAULT NULL,
  `is_featured` tinyint(1) NOT NULL DEFAULT '0',
  `is_active` tinyint(1) NOT NULL DEFAULT '1',
  `order_column` int NOT NULL DEFAULT '0',
  `created_at` timestamp NULL DEFAULT NULL,
  `updated_at` timestamp NULL DEFAULT NULL,
  PRIMARY KEY (`id`),
  KEY `menu_items_category_id_foreign` (`category_id`),
  CONSTRAINT `menu_items_category_id_foreign` FOREIGN KEY (`category_id`) REFERENCES `categories` (`id`) ON DELETE CASCADE
) ENGINE=InnoDB AUTO_INCREMENT=451 DEFAULT CHARSET=utf8mb4 COLLATE=utf8mb4_unicode_ci;
/*!40101 SET character_set_client = @saved_cs_client */;

--
-- Dumping data for table `menu_items`
--

LOCK TABLES `menu_items` WRITE;
/*!40000 ALTER TABLE `menu_items` DISABLE KEYS */;
INSERT INTO `menu_items` VALUES (273,38,'{\"en\": \"Water 1 Litre\", \"tr\": \"Su 1 Litre\"}','{\"en\": \"water-1-litre\", \"tr\": \"su-1-litre\"}','{\"en\": null}',100.00,0,0,NULL,NULL,0,1,1,'2026-03-16 18:48:32','2026-03-16 18:48:32'),(274,38,'{\"en\": \"Mineral Water 1 Litre\", \"tr\": \"Soda 1 Litre\"}','{\"en\": \"mineral-water-1-litre\", \"tr\": \"soda-1-litre\"}','{\"en\": null}',150.00,0,0,NULL,NULL,0,1,2,'2026-03-16 18:48:32','2026-03-16 18:48:32'),(275,38,'{\"en\": \"Small Mineral Water\", \"tr\": \"Soda\"}','{\"en\": \"small-mineral-water\", \"tr\": \"soda\"}','{\"en\": null}',60.00,0,0,NULL,NULL,0,1,3,'2026-03-16 18:48:32','2026-03-16 18:48:32'),(276,38,'{\"en\": \"Tonic Water\", \"tr\": \"Tonik\"}','{\"en\": \"tonic-water\", \"tr\": \"tonik\"}','{\"en\": null}',150.00,0,0,NULL,NULL,0,1,4,'2026-03-16 18:48:32','2026-03-16 18:48:32'),(277,38,'{\"en\": \"Cola, Fanta, Sprite, Cola Zero, Ice Tea\", \"tr\": \"Kola, Fanta, Sprite, Cola Zero, Ice Tea\"}','{\"en\": \"cola-fanta-sprite-cola-zero-ice-tea\", \"tr\": \"kola-fanta-sprite-cola-zero-ice-tea\"}','{\"en\": null}',150.00,0,0,NULL,NULL,0,1,5,'2026-03-16 18:48:32','2026-03-16 18:48:32'),(278,38,'{\"en\": \"Fruit Juices (Peach, Pineapple, Cherry, Orange)\", \"tr\": \"Meyve Suları (Şeftali, Ananas, Vişne, Portakal)\"}','{\"en\": \"fruit-juices-peach-pineapple-cherry-orange\", \"tr\": \"meyve-sulari-seftali-ananas-visne-portakal\"}','{\"en\": null}',150.00,0,0,NULL,NULL,0,1,6,'2026-03-16 18:48:32','2026-03-16 18:48:32'),(279,38,'{\"en\": \"Milkshakes (Vanilla, Chocolate, Banana)\", \"tr\": \"Milkshakeler (Vanilya, Çikolata, Muz)\"}','{\"en\": \"milkshakes-vanilla-chocolate-banana\", \"tr\": \"milkshakeler-vanilya-cikolata-muz\"}','{\"en\": null}',300.00,0,0,NULL,NULL,0,1,7,'2026-03-16 18:48:32','2026-03-16 18:48:32'),(280,38,'{\"en\": \"Homemade Lemonade\", \"tr\": \"Ev Yapımı Limonata\"}','{\"en\": \"homemade-lemonade\", \"tr\": \"ev-yapimi-limonata\"}','{\"en\": null}',250.00,0,0,NULL,NULL,0,1,8,'2026-03-16 18:48:32','2026-03-16 18:48:32'),(281,38,'{\"en\": \"Fresh Orange Juice\", \"tr\": \"Taze Portakal Suyu\"}','{\"en\": \"fresh-orange-juice\", \"tr\": \"taze-portakal-suyu\"}','{\"en\": null}',250.00,0,0,NULL,NULL,0,1,9,'2026-03-16 18:48:32','2026-03-16 18:48:32'),(282,38,'{\"en\": \"Redbull\", \"tr\": \"Redbull\"}','{\"en\": \"redbull\", \"tr\": \"redbull\"}','{\"en\": null}',200.00,0,0,NULL,NULL,0,1,10,'2026-03-16 18:48:32','2026-03-16 18:48:32'),(283,39,'{\"en\": \"Americano\", \"tr\": \"Americano\"}','{\"en\": \"americano\", \"tr\": \"americano\"}','{\"en\": null}',160.00,0,0,NULL,NULL,0,1,1,'2026-03-16 18:48:32','2026-03-16 18:48:32'),(284,39,'{\"en\": \"Cappuccino, Latte\", \"tr\": \"Cappuccino, Latte\"}','{\"en\": \"cappuccino-latte\", \"tr\": \"cappuccino-latte\"}','{\"en\": null}',180.00,0,0,NULL,NULL,0,1,2,'2026-03-16 18:48:32','2026-03-16 18:48:32'),(285,39,'{\"en\": \"Iced Coffee\", \"tr\": \"Iced Coffee\"}','{\"en\": \"iced-coffee\", \"tr\": \"iced-coffee\"}','{\"en\": null}',300.00,0,0,NULL,NULL,0,1,3,'2026-03-16 18:48:32','2026-03-16 18:48:32'),(286,39,'{\"en\": \"Espresso\", \"tr\": \"Espresso\"}','{\"en\": \"espresso\", \"tr\": \"espresso\"}','{\"en\": null}',140.00,0,0,NULL,NULL,0,1,4,'2026-03-16 18:48:32','2026-03-16 18:48:32'),(287,39,'{\"en\": \"Turkish Coffee\", \"tr\": \"Türk Kahvesi\"}','{\"en\": \"turkish-coffee\", \"tr\": \"turk-kahvesi\"}','{\"en\": null}',130.00,0,0,NULL,NULL,0,1,5,'2026-03-16 18:48:32','2026-03-16 18:48:32'),(288,39,'{\"en\": \"Irish Coffee (Baileys, Tia Maria, Kahlua)\", \"tr\": \"Irish Coffee (Baileys, Tia Maria, Kahlua)\"}','{\"en\": \"irish-coffee-baileys-tia-maria-kahlua\", \"tr\": \"irish-coffee-baileys-tia-maria-kahlua\"}','{\"en\": null}',500.00,0,0,NULL,NULL,0,1,6,'2026-03-16 18:48:32','2026-03-16 18:48:32'),(289,39,'{\"en\": \"Tea\", \"tr\": \"Çay\"}','{\"en\": \"tea\", \"tr\": \"cay\"}','{\"en\": null}',50.00,0,0,NULL,NULL,0,1,7,'2026-03-16 18:48:32','2026-03-16 18:48:32'),(290,39,'{\"en\": \"Apple Tea\", \"tr\": \"Elma Çayı\"}','{\"en\": \"apple-tea\", \"tr\": \"elma-cayi\"}','{\"en\": null}',50.00,0,0,NULL,NULL,0,1,8,'2026-03-16 18:48:32','2026-03-16 18:48:32'),(291,40,'{\"en\": \"Efes 50 cl\", \"tr\": \"Efes 50 cl\"}','{\"en\": \"efes-50-cl\", \"tr\": \"efes-50-cl\"}','{\"en\": null}',250.00,0,0,NULL,NULL,0,1,1,'2026-03-16 18:48:32','2026-03-16 18:48:32'),(292,40,'{\"en\": \"Tuborg Gold\", \"tr\": \"Tuborg Gold\"}','{\"en\": \"tuborg-gold\", \"tr\": \"tuborg-gold\"}','{\"en\": null}',280.00,0,0,NULL,NULL,0,1,2,'2026-03-16 18:48:32','2026-03-16 18:48:32'),(293,40,'{\"en\": \"Corona, Miller, Becks, Apple Cider\", \"tr\": \"Corona, Miller, Becks, Apple Cider\"}','{\"en\": \"corona-miller-becks-apple-cider\", \"tr\": \"corona-miller-becks-apple-cider\"}','{\"en\": null}',340.00,0,0,NULL,NULL,0,1,3,'2026-03-16 18:48:32','2026-03-16 18:48:32'),(294,40,'{\"en\": \"Carlsberg\", \"tr\": \"Carlsberg\"}','{\"en\": \"carlsberg\", \"tr\": \"carlsberg\"}','{\"en\": null}',340.00,0,0,NULL,NULL,0,1,4,'2026-03-16 18:48:32','2026-03-16 18:48:32'),(295,40,'{\"en\": \"Bomonti Unfiltered\", \"tr\": \"Filtresiz Bomonti\"}','{\"en\": \"bomonti-unfiltered\", \"tr\": \"filtresiz-bomonti\"}','{\"en\": null}',320.00,0,0,NULL,NULL,0,1,5,'2026-03-16 18:48:32','2026-03-16 18:48:32'),(296,41,'{\"en\": \"Chivas Regal\", \"tr\": \"Chivas Regal\"}','{\"en\": \"chivas-regal\", \"tr\": \"chivas-regal\"}','{\"en\": \"Mixers (Tonic, Sprite, Cola) fiyatlara dahil değildir.\", \"tr\": \"Mixers (Tonic, Sprite, Cola) fiyatlara dahil değildir.\"}',550.00,0,0,NULL,NULL,0,1,1,'2026-03-16 18:48:32','2026-03-16 18:48:32'),(297,41,'{\"en\": \"Red Label\", \"tr\": \"Red Label\"}','{\"en\": \"red-label\", \"tr\": \"red-label\"}','{\"en\": \"Mixers (Tonic, Sprite, Cola) fiyatlara dahil değildir.\", \"tr\": \"Mixers (Tonic, Sprite, Cola) fiyatlara dahil değildir.\"}',400.00,0,0,NULL,NULL,0,1,2,'2026-03-16 18:48:32','2026-03-16 18:48:32'),(298,41,'{\"en\": \"Black Label\", \"tr\": \"Black Label\"}','{\"en\": \"black-label\", \"tr\": \"black-label\"}','{\"en\": \"Mixers (Tonic, Sprite, Cola) fiyatlara dahil değildir.\", \"tr\": \"Mixers (Tonic, Sprite, Cola) fiyatlara dahil değildir.\"}',450.00,0,0,NULL,NULL,0,1,3,'2026-03-16 18:48:32','2026-03-16 18:48:32'),(299,41,'{\"en\": \"Jack Daniel\'s\", \"tr\": \"Jack Daniel\'s\"}','{\"en\": \"jack-daniels\", \"tr\": \"jack-daniels\"}','{\"en\": \"Mixers (Tonic, Sprite, Cola) fiyatlara dahil değildir.\", \"tr\": \"Mixers (Tonic, Sprite, Cola) fiyatlara dahil değildir.\"}',500.00,0,0,NULL,NULL,0,1,4,'2026-03-16 18:48:32','2026-03-16 18:48:32'),(300,42,'{\"en\": \"Local Vodka\", \"tr\": \"Yerli Vodka\"}','{\"en\": \"local-vodka\", \"tr\": \"yerli-vodka\"}','{\"en\": \"Mixers (Tonic, Sprite, Cola) fiyatlara dahil değildir.\", \"tr\": \"Mixers (Tonic, Sprite, Cola) fiyatlara dahil değildir.\"}',300.00,0,0,NULL,NULL,0,1,1,'2026-03-16 18:48:32','2026-03-16 18:48:32'),(301,42,'{\"en\": \"Smirnoff Red\", \"tr\": \"Smirnoff Red\"}','{\"en\": \"smirnoff-red\", \"tr\": \"smirnoff-red\"}','{\"en\": \"Mixers (Tonic, Sprite, Cola) fiyatlara dahil değildir.\", \"tr\": \"Mixers (Tonic, Sprite, Cola) fiyatlara dahil değildir.\"}',400.00,0,0,NULL,NULL,0,1,2,'2026-03-16 18:48:32','2026-03-16 18:48:32'),(302,42,'{\"en\": \"Absolut\", \"tr\": \"Absolut\"}','{\"en\": \"absolut\", \"tr\": \"absolut\"}','{\"en\": \"Mixers (Tonic, Sprite, Cola) fiyatlara dahil değildir.\", \"tr\": \"Mixers (Tonic, Sprite, Cola) fiyatlara dahil değildir.\"}',450.00,0,0,NULL,NULL,0,1,3,'2026-03-16 18:48:32','2026-03-16 18:48:32'),(303,43,'{\"en\": \"Local Cin\", \"tr\": \"Yerli Cin\"}','{\"en\": \"local-cin\", \"tr\": \"yerli-cin\"}','{\"en\": \"Mixers (Tonic, Sprite, Cola) fiyatlara dahil değildir.\", \"tr\": \"Mixers (Tonic, Sprite, Cola) fiyatlara dahil değildir.\"}',300.00,0,0,NULL,NULL,0,1,1,'2026-03-16 18:48:32','2026-03-16 18:48:32'),(304,43,'{\"en\": \"Gordon\'s, Gordon\'s Pink\", \"tr\": \"Gordon\'s, Gordon\'s Pink\"}','{\"en\": \"gordons-gordons-pink\", \"tr\": \"gordons-gordons-pink\"}','{\"en\": \"Mixers (Tonic, Sprite, Cola) fiyatlara dahil değildir.\", \"tr\": \"Mixers (Tonic, Sprite, Cola) fiyatlara dahil değildir.\"}',400.00,0,0,NULL,NULL,0,1,2,'2026-03-16 18:48:32','2026-03-16 18:48:32'),(305,43,'{\"en\": \"Bombay\", \"tr\": \"Bombay\"}','{\"en\": \"bombay\", \"tr\": \"bombay\"}','{\"en\": \"Mixers (Tonic, Sprite, Cola) fiyatlara dahil değildir.\", \"tr\": \"Mixers (Tonic, Sprite, Cola) fiyatlara dahil değildir.\"}',450.00,0,0,NULL,NULL,0,1,3,'2026-03-16 18:48:32','2026-03-16 18:48:32'),(306,43,'{\"en\": \"Hendrick\'s\", \"tr\": \"Hendrick\'s\"}','{\"en\": \"hendricks\", \"tr\": \"hendricks\"}','{\"en\": \"Mixers (Tonic, Sprite, Cola) fiyatlara dahil değildir.\", \"tr\": \"Mixers (Tonic, Sprite, Cola) fiyatlara dahil değildir.\"}',500.00,0,0,NULL,NULL,0,1,4,'2026-03-16 18:48:32','2026-03-16 18:48:32'),(307,43,'{\"en\": \"Tanqueray London Dry Gin\", \"tr\": \"Tanqueray London Dry Gin\"}','{\"en\": \"tanqueray-london-dry-gin\", \"tr\": \"tanqueray-london-dry-gin\"}','{\"en\": \"Mixers (Tonic, Sprite, Cola) fiyatlara dahil değildir.\", \"tr\": \"Mixers (Tonic, Sprite, Cola) fiyatlara dahil değildir.\"}',450.00,0,0,NULL,NULL,0,1,5,'2026-03-16 18:48:32','2026-03-16 18:48:32'),(308,44,'{\"en\": \"Bacardi\", \"tr\": \"Bacardi\"}','{\"en\": \"bacardi\", \"tr\": \"bacardi\"}','{\"en\": \"Mixers (Tonic, Sprite, Cola) fiyatlara dahil değildir.\", \"tr\": \"Mixers (Tonic, Sprite, Cola) fiyatlara dahil değildir.\"}',450.00,0,0,NULL,NULL,0,1,1,'2026-03-16 18:48:32','2026-03-16 18:48:32'),(309,44,'{\"en\": \"Captain Morgan\", \"tr\": \"Kaptan Morgan\"}','{\"en\": \"captain-morgan\", \"tr\": \"kaptan-morgan\"}','{\"en\": \"Mixers (Tonic, Sprite, Cola) fiyatlara dahil değildir.\", \"tr\": \"Mixers (Tonic, Sprite, Cola) fiyatlara dahil değildir.\"}',400.00,0,0,NULL,NULL,0,1,2,'2026-03-16 18:48:32','2026-03-16 18:48:32'),(310,44,'{\"en\": \"Malibu\", \"tr\": \"Malibu\"}','{\"en\": \"malibu\", \"tr\": \"malibu\"}','{\"en\": \"Mixers (Tonic, Sprite, Cola) fiyatlara dahil değildir.\", \"tr\": \"Mixers (Tonic, Sprite, Cola) fiyatlara dahil değildir.\"}',300.00,0,0,NULL,NULL,0,1,3,'2026-03-16 18:48:32','2026-03-16 18:48:32'),(311,44,'{\"en\": \"Baileys\", \"tr\": \"Baileys\"}','{\"en\": \"baileys\", \"tr\": \"baileys\"}','{\"en\": \"Mixers (Tonic, Sprite, Cola) fiyatlara dahil değildir.\", \"tr\": \"Mixers (Tonic, Sprite, Cola) fiyatlara dahil değildir.\"}',300.00,0,0,NULL,NULL,0,1,4,'2026-03-16 18:48:32','2026-03-16 18:48:32'),(312,44,'{\"en\": \"Tia Maria\", \"tr\": \"Tia Maria\"}','{\"en\": \"tia-maria\", \"tr\": \"tia-maria\"}','{\"en\": \"Mixers (Tonic, Sprite, Cola) fiyatlara dahil değildir.\", \"tr\": \"Mixers (Tonic, Sprite, Cola) fiyatlara dahil değildir.\"}',250.00,0,0,NULL,NULL,0,1,5,'2026-03-16 18:48:32','2026-03-16 18:48:32'),(313,44,'{\"en\": \"Archers\", \"tr\": \"Archers\"}','{\"en\": \"archers\", \"tr\": \"archers\"}','{\"en\": \"Mixers (Tonic, Sprite, Cola) fiyatlara dahil değildir.\", \"tr\": \"Mixers (Tonic, Sprite, Cola) fiyatlara dahil değildir.\"}',300.00,0,0,NULL,NULL,0,1,6,'2026-03-16 18:48:32','2026-03-16 18:48:32'),(314,44,'{\"en\": \"Cointreau\", \"tr\": \"Cointreau\"}','{\"en\": \"cointreau\", \"tr\": \"cointreau\"}','{\"en\": \"Mixers (Tonic, Sprite, Cola) fiyatlara dahil değildir.\", \"tr\": \"Mixers (Tonic, Sprite, Cola) fiyatlara dahil değildir.\"}',450.00,0,0,NULL,NULL,0,1,7,'2026-03-16 18:48:32','2026-03-16 18:48:32'),(315,44,'{\"en\": \"Disaronno Amaretto\", \"tr\": \"Disaronno Amaretto\"}','{\"en\": \"disaronno-amaretto\", \"tr\": \"disaronno-amaretto\"}','{\"en\": \"Mixers (Tonic, Sprite, Cola) fiyatlara dahil değildir.\", \"tr\": \"Mixers (Tonic, Sprite, Cola) fiyatlara dahil değildir.\"}',350.00,0,0,NULL,NULL,0,1,8,'2026-03-16 18:48:32','2026-03-16 18:48:32'),(316,44,'{\"en\": \"Local Brandy\", \"tr\": \"Yerli Brandy\"}','{\"en\": \"local-brandy\", \"tr\": \"yerli-brandy\"}','{\"en\": \"Mixers (Tonic, Sprite, Cola) fiyatlara dahil değildir.\", \"tr\": \"Mixers (Tonic, Sprite, Cola) fiyatlara dahil değildir.\"}',350.00,0,0,NULL,NULL,0,1,9,'2026-03-16 18:48:32','2026-03-16 18:48:32'),(317,44,'{\"en\": \"Metaxa\", \"tr\": \"Metaxa\"}','{\"en\": \"metaxa\", \"tr\": \"metaxa\"}','{\"en\": \"Mixers (Tonic, Sprite, Cola) fiyatlara dahil değildir.\", \"tr\": \"Mixers (Tonic, Sprite, Cola) fiyatlara dahil değildir.\"}',500.00,0,0,NULL,NULL,0,1,10,'2026-03-16 18:48:32','2026-03-16 18:48:32'),(318,45,'{\"en\": \"Olmeca\", \"tr\": \"Olmeca\"}','{\"en\": \"olmeca\", \"tr\": \"olmeca\"}','{\"en\": null}',300.00,0,0,NULL,NULL,0,1,1,'2026-03-16 18:48:32','2026-03-16 18:48:32'),(319,45,'{\"en\": \"Sierra\", \"tr\": \"Sierra\"}','{\"en\": \"sierra\", \"tr\": \"sierra\"}','{\"en\": null}',300.00,0,0,NULL,NULL,0,1,2,'2026-03-16 18:48:32','2026-03-16 18:48:32'),(320,46,'{\"en\": \"Margarita (Classic or Spicy)\", \"tr\": \"Margarita (Klasik veya Acılı)\"}','{\"en\": \"margarita-classic-or-spicy\", \"tr\": \"margarita-klasik-veya-acili\"}','{\"en\": \"Tequila, Cointreau, Fresh Lime Juice, Salt\", \"tr\": \"Tekila, Cointreau, Taze Misket Limonu Suyu, Tuz\"}',500.00,0,0,NULL,NULL,0,1,1,'2026-03-16 18:48:32','2026-03-16 18:48:32'),(321,46,'{\"en\": \"Strawberry Daiquiri\", \"tr\": \"Çilekli Daiquiri\"}','{\"en\": \"strawberry-daiquiri\", \"tr\": \"cilekli-daiquiri\"}','{\"en\": \"Rum, Fresh Strawberry, Strawberry Syrup, Ice\", \"tr\": \"Romat, Taze Çilek, Çilek Şurubu, Buz\"}',550.00,0,0,NULL,NULL,0,1,2,'2026-03-16 18:48:32','2026-03-16 18:48:32'),(322,46,'{\"en\": \"Mojito\", \"tr\": \"Mojito\"}','{\"en\": \"mojito\", \"tr\": \"mojito\"}','{\"en\": \"Rum, Brown Sugar, Lime Syrup, Soda Water, Fresh Mint, Lime\", \"tr\": \"Rom, Esmer Şeker, Lime Şurubu, Soda, Taze Nane, Lime\"}',500.00,0,0,NULL,NULL,0,1,3,'2026-03-16 18:48:32','2026-03-16 18:48:32'),(323,46,'{\"en\": \"Espresso Martini\", \"tr\": \"Espresso Martini\"}','{\"en\": \"espresso-martini\", \"tr\": \"espresso-martini\"}','{\"en\": \"Vodka, Espresso, Coffee Liqueur, Sugar Syrup\", \"tr\": \"Vodka, Espresso, Kahve Likörü, Şeker Şurubu\"}',500.00,0,0,NULL,NULL,0,1,4,'2026-03-16 18:48:32','2026-03-16 18:48:32'),(324,46,'{\"en\": \"Long Island Ice Tea\", \"tr\": \"Long Island Ice Tea\"}','{\"en\": \"long-island-ice-tea\", \"tr\": \"long-island-ice-tea\"}','{\"en\": \"Vodka, Gin, Tequila, Rum, Triple Sec, Lemon Juice, Sugar Syrup, Cola\", \"tr\": \"Vodka, Cin, Tekila, Rom, Triple Sec, Limon Suyu, Şeker Şurubu, Kola\"}',600.00,0,0,NULL,NULL,0,1,5,'2026-03-16 18:48:32','2026-03-16 18:48:32'),(325,46,'{\"en\": \"Pineacolada\", \"tr\": \"Pineacolada\"}','{\"en\": \"pineacolada\", \"tr\": \"pineacolada\"}','{\"en\": \"Vodka, Malibu, Pineapple Juice, Milk, Cream, Coconut Syrup\", \"tr\": \"Vodka, Malibu, Ananas Suyu, Süt, Krema, Hindistan Cevizi Şurubu\"}',500.00,0,0,NULL,NULL,0,1,6,'2026-03-16 18:48:32','2026-03-16 18:48:32'),(326,46,'{\"en\": \"Sex on the Beach\", \"tr\": \"Sex on the Beach\"}','{\"en\": \"sex-on-the-beach\", \"tr\": \"sex-on-the-beach\"}','{\"en\": \"Vodka, Archers, Orange Juice, Pomegranate Syrup\", \"tr\": \"Vodka, Archers, Portakal Suyu, Nar Şurubu\"}',500.00,0,0,NULL,NULL,0,1,7,'2026-03-16 18:48:32','2026-03-16 18:48:32'),(327,46,'{\"en\": \"Aperol Spritz\", \"tr\": \"Aperol Spritz\"}','{\"en\": \"aperol-spritz\", \"tr\": \"aperol-spritz\"}','{\"en\": \"Aperol, Prosecco, Orange Slice\", \"tr\": \"Aperol, Prosecco, Portakal Dilimi\"}',500.00,0,0,NULL,NULL,0,1,8,'2026-03-16 18:48:32','2026-03-16 18:48:32'),(328,46,'{\"en\": \"Pornstar Martini\", \"tr\": \"Pornstar Martini\"}','{\"en\": \"pornstar-martini\", \"tr\": \"pornstar-martini\"}','{\"en\": \"Vodka, Passion Fruit Liqueur, Passion Fruit Purée, Vanilla Syrup, Lime Juice, Prosecco\", \"tr\": \"Vodka, Çarkıfelek Likörü, Çarkıfelek Püresi, Vanilya Şurubu, Misket Limonu Suyu, Prosecco\"}',600.00,0,0,NULL,NULL,0,1,9,'2026-03-16 18:48:32','2026-03-16 18:48:32'),(329,47,'{\"en\": \"Mickey Mouse\", \"tr\": \"Mickey Mouse\"}','{\"en\": \"mickey-mouse\", \"tr\": \"mickey-mouse\"}','{\"en\": \"Pineapple Juice, Orange juice, peach juice, blue curaçao Syrup\", \"tr\": \"Ananas suyu, Portakal suyu, şeftali suyu, mavi curaçao Şurubu\"}',350.00,0,0,NULL,NULL,0,1,1,'2026-03-16 18:48:32','2026-03-16 18:48:32'),(330,47,'{\"en\": \"Cinderella\", \"tr\": \"Cinderella\"}','{\"en\": \"cinderella\", \"tr\": \"cinderella\"}','{\"en\": \"Orange Juice, Pineapple Juice, apple juice, Grenadine\", \"tr\": \"Portakal Suyu, Ananas Suyu, elma suyu, Grenadin\"}',350.00,0,0,NULL,NULL,0,1,2,'2026-03-16 18:48:32','2026-03-16 18:48:32'),(331,48,'{\"en\": \"YENİ RAKI YENİ SERİ SINGLE\", \"tr\": \"YENİ RAKI YENİ SERİ TEK\"}','{\"en\": \"yeni-raki-yeni-seri-single\", \"tr\": \"yeni-raki-yeni-seri-tek\"}','{\"en\": null}',300.00,0,0,NULL,NULL,0,1,1,'2026-03-16 18:48:32','2026-03-16 18:48:32'),(332,48,'{\"en\": \"YENİ RAKI YENİ SERİ DOUBLE\", \"tr\": \"YENİ RAKI YENİ SERİ DUBLE\"}','{\"en\": \"yeni-raki-yeni-seri-double\", \"tr\": \"yeni-raki-yeni-seri-duble\"}','{\"en\": null}',450.00,0,0,NULL,NULL,0,1,2,'2026-03-16 18:48:32','2026-03-16 18:48:32'),(333,48,'{\"en\": \"YENİ RAKI YENİ SERİ 20 CL\", \"tr\": \"YENİ RAKI YENİ SERİ 20 CL\"}','{\"en\": \"yeni-raki-yeni-seri-20-cl\", \"tr\": \"yeni-raki-yeni-seri-20-cl\"}','{\"en\": null}',1100.00,0,0,NULL,NULL,0,1,3,'2026-03-16 18:48:32','2026-03-16 18:48:32'),(334,48,'{\"en\": \"YENİ RAKI YENİ SERİ 35 CL\", \"tr\": \"YENİ RAKI YENİ SERİ 35 CL\"}','{\"en\": \"yeni-raki-yeni-seri-35-cl\", \"tr\": \"yeni-raki-yeni-seri-35-cl\"}','{\"en\": null}',1500.00,0,0,NULL,NULL,0,1,4,'2026-03-16 18:48:32','2026-03-16 18:48:32'),(335,48,'{\"en\": \"YENİ RAKI YENİ SERİ 50 CL\", \"tr\": \"YENİ RAKI YENİ SERİ 50 CL\"}','{\"en\": \"yeni-raki-yeni-seri-50-cl\", \"tr\": \"yeni-raki-yeni-seri-50-cl\"}','{\"en\": null}',2200.00,0,0,NULL,NULL,0,1,5,'2026-03-16 18:48:32','2026-03-16 18:48:32'),(336,48,'{\"en\": \"YENİ RAKI YENİ SERİ 70 CL\", \"tr\": \"YENİ RAKI YENİ SERİ 70 CL\"}','{\"en\": \"yeni-raki-yeni-seri-70-cl\", \"tr\": \"yeni-raki-yeni-seri-70-cl\"}','{\"en\": null}',2750.00,0,0,NULL,NULL,0,1,6,'2026-03-16 18:48:32','2026-03-16 18:48:32'),(337,48,'{\"en\": \"TEKİRDAĞ ALTIN SERİ SINGLE\", \"tr\": \"TEKİRDAĞ ALTIN SERİ TEK\"}','{\"en\": \"tekirdag-altin-seri-single\", \"tr\": \"tekirdag-altin-seri-tek\"}','{\"en\": null}',350.00,0,0,NULL,NULL,0,1,7,'2026-03-16 18:48:32','2026-03-16 18:48:32'),(338,48,'{\"en\": \"TEKİRDAĞ ALTIN SERİ DOUBLE\", \"tr\": \"TEKİRDAĞ ALTIN SERİ DUBLE\"}','{\"en\": \"tekirdag-altin-seri-double\", \"tr\": \"tekirdag-altin-seri-duble\"}','{\"en\": null}',500.00,0,0,NULL,NULL,0,1,8,'2026-03-16 18:48:32','2026-03-16 18:48:32'),(339,48,'{\"en\": \"TEKİRDAĞ ALTIN SERİ 20 CL\", \"tr\": \"TEKİRDAĞ ALTIN SERİ 20 CL\"}','{\"en\": \"tekirdag-altin-seri-20-cl\", \"tr\": \"tekirdag-altin-seri-20-cl\"}','{\"en\": null}',1300.00,0,0,NULL,NULL,0,1,9,'2026-03-16 18:48:32','2026-03-16 18:48:32'),(340,48,'{\"en\": \"TEKİRDAĞ ALTIN SERİ 35 CL\", \"tr\": \"TEKİRDAĞ ALTIN SERİ 35 CL\"}','{\"en\": \"tekirdag-altin-seri-35-cl\", \"tr\": \"tekirdag-altin-seri-35-cl\"}','{\"en\": null}',1900.00,0,0,NULL,NULL,0,1,10,'2026-03-16 18:48:32','2026-03-16 18:48:32'),(341,48,'{\"en\": \"TEKİRDAĞ ALTIN SERİ 50 CL\", \"tr\": \"TEKİRDAĞ ALTIN SERİ 50 CL\"}','{\"en\": \"tekirdag-altin-seri-50-cl\", \"tr\": \"tekirdag-altin-seri-50-cl\"}','{\"en\": null}',2500.00,0,0,NULL,NULL,0,1,11,'2026-03-16 18:48:32','2026-03-16 18:48:32'),(342,48,'{\"en\": \"TEKİRDAĞ ALTIN SERİ 70 CL\", \"tr\": \"TEKİRDAĞ ALTIN SERİ 70 CL\"}','{\"en\": \"tekirdag-altin-seri-70-cl\", \"tr\": \"tekirdag-altin-seri-70-cl\"}','{\"en\": null}',3300.00,0,0,NULL,NULL,0,1,12,'2026-03-16 18:48:32','2026-03-16 18:48:32'),(343,48,'{\"en\": \"TEKİRDAĞ GÖBEK RAKISI SINGLE\", \"tr\": \"TEKİRDAĞ RAKISI GÖBEK TEK\"}','{\"en\": \"tekirdag-gobek-rakisi-single\", \"tr\": \"tekirdag-rakisi-gobek-tek\"}','{\"en\": null}',350.00,0,0,NULL,NULL,0,1,13,'2026-03-16 18:48:32','2026-03-16 18:48:32'),(344,48,'{\"en\": \"TEKİRDAĞ GÖBEK RAKISI DOUBLE\", \"tr\": \"TEKİRDAĞ RAKISI GÖBEK DUBLE\"}','{\"en\": \"tekirdag-gobek-rakisi-double\", \"tr\": \"tekirdag-rakisi-gobek-duble\"}','{\"en\": null}',500.00,0,0,NULL,NULL,0,1,14,'2026-03-16 18:48:32','2026-03-16 18:48:32'),(345,48,'{\"en\": \"TEKİRDAĞ GÖBEK RAKISI 35 CL\", \"tr\": \"TEKİRDAĞ RAKISI GÖBEK 35 CL\"}','{\"en\": \"tekirdag-gobek-rakisi-35-cl\", \"tr\": \"tekirdag-rakisi-gobek-35-cl\"}','{\"en\": null}',1950.00,0,0,NULL,NULL,0,1,15,'2026-03-16 18:48:32','2026-03-16 18:48:32'),(346,48,'{\"en\": \"TEKİRDAĞ GÖBEK RAKISI 50 CL\", \"tr\": \"TEKİRDAĞ RAKISI GÖBEK 50 CL\"}','{\"en\": \"tekirdag-gobek-rakisi-50-cl\", \"tr\": \"tekirdag-rakisi-gobek-50-cl\"}','{\"en\": null}',2600.00,0,0,NULL,NULL,0,1,16,'2026-03-16 18:48:32','2026-03-16 18:48:32'),(347,48,'{\"en\": \"TEKİRDAĞ GÖBEK RAKISI 70 CL\", \"tr\": \"TEKİRDAĞ RAKISI GÖBEK 70 CL\"}','{\"en\": \"tekirdag-gobek-rakisi-70-cl\", \"tr\": \"tekirdag-rakisi-gobek-70-cl\"}','{\"en\": null}',3500.00,0,0,NULL,NULL,0,1,17,'2026-03-16 18:48:32','2026-03-16 18:48:32'),(348,48,'{\"en\": \"KULÜP RAKI DELUXE 35 CL\", \"tr\": \"KULÜP RAKI DELÜKS 35 CL\"}','{\"en\": \"kulup-raki-deluxe-35-cl\", \"tr\": \"kulup-raki-deluks-35-cl\"}','{\"en\": null}',1900.00,0,0,NULL,NULL,0,1,18,'2026-03-16 18:48:32','2026-03-16 18:48:32'),(349,48,'{\"en\": \"KULÜP RAKI DELUXE 70 CL\", \"tr\": \"KULÜP RAKI DELÜKS 70 CL\"}','{\"en\": \"kulup-raki-deluxe-70-cl\", \"tr\": \"kulup-raki-deluks-70-cl\"}','{\"en\": null}',3300.00,0,0,NULL,NULL,0,1,19,'2026-03-16 18:48:32','2026-03-16 18:48:32'),(350,48,'{\"en\": \"Efe Gold SINGLE\", \"tr\": \"Efe Gold TEK\"}','{\"en\": \"efe-gold-single\", \"tr\": \"efe-gold-tek\"}','{\"en\": null}',350.00,0,0,NULL,NULL,0,1,20,'2026-03-16 18:48:32','2026-03-16 18:48:32'),(351,48,'{\"en\": \"Efe Gold DOUBLE\", \"tr\": \"Efe Gold DUBLE\"}','{\"en\": \"efe-gold-double\", \"tr\": \"efe-gold-duble\"}','{\"en\": null}',500.00,0,0,NULL,NULL,0,1,21,'2026-03-16 18:48:32','2026-03-16 18:48:32'),(352,48,'{\"en\": \"Efe Gold 35 cl\", \"tr\": \"Efe Gold 35 cl\"}','{\"en\": \"efe-gold-35-cl\", \"tr\": \"efe-gold-35-cl\"}','{\"en\": null}',1900.00,0,0,NULL,NULL,0,1,22,'2026-03-16 18:48:32','2026-03-16 18:48:32'),(353,48,'{\"en\": \"Efe Gold 50 cl\", \"tr\": \"Efe Gold 50 cl\"}','{\"en\": \"efe-gold-50-cl\", \"tr\": \"efe-gold-50-cl\"}','{\"en\": null}',2500.00,0,0,NULL,NULL,0,1,23,'2026-03-16 18:48:32','2026-03-16 18:48:32'),(354,48,'{\"en\": \"Efe Gold 70 cl\", \"tr\": \"Efe Gold 70 cl\"}','{\"en\": \"efe-gold-70-cl\", \"tr\": \"efe-gold-70-cl\"}','{\"en\": null}',3300.00,0,0,NULL,NULL,0,1,24,'2026-03-16 18:48:32','2026-03-16 18:48:32'),(355,48,'{\"en\": \"Beylerbeyi Göbek 35 cl\", \"tr\": \"Beylerbeyi Göbek 35 cl\"}','{\"en\": \"beylerbeyi-gobek-35-cl\", \"tr\": \"beylerbeyi-gobek-35-cl\"}','{\"en\": null}',2100.00,0,0,NULL,NULL,0,1,25,'2026-03-16 18:48:32','2026-03-16 18:48:32'),(356,48,'{\"en\": \"Beylerbeyi Göbek 50 cl\", \"tr\": \"Beylerbeyi Göbek 50 cl\"}','{\"en\": \"beylerbeyi-gobek-50-cl\", \"tr\": \"beylerbeyi-gobek-50-cl\"}','{\"en\": null}',2800.00,0,0,NULL,NULL,0,1,26,'2026-03-16 18:48:32','2026-03-16 18:48:32'),(357,48,'{\"en\": \"Beylerbeyi Göbek 70 cl\", \"tr\": \"Beylerbeyi Göbek 70 cl\"}','{\"en\": \"beylerbeyi-gobek-70-cl\", \"tr\": \"beylerbeyi-gobek-70-cl\"}','{\"en\": null}',3700.00,0,0,NULL,NULL,0,1,27,'2026-03-16 18:48:32','2026-03-16 18:48:32'),(358,49,'{\"en\": \"Truffle Oil & Parmesan Fries\", \"tr\": \"Trüf Yağlı Parmesanlı Patates\"}','{\"en\": \"truffle-oil-parmesan-fries\", \"tr\": \"truf-yagli-parmesanli-patates\"}','{\"en\": \"Truffle oil, parmesan cheese, potatoes.\", \"tr\": \"Trüf yağı, parmesan peyniri, patates.\"}',300.00,0,0,NULL,NULL,0,1,1,'2026-03-16 18:51:49','2026-03-16 18:51:49'),(359,49,'{\"en\": \"Salt & Vinegar Fries\", \"tr\": \"Salt & Vinegar Patates\"}','{\"en\": \"salt-vinegar-fries\", \"tr\": \"salt-vinegar-patates\"}','{\"en\": \"Crispy fries flavored with salt and vinegar\", \"tr\": \"Tuz ve sirke aromalı çıtır patates kızartması\"}',290.00,0,0,NULL,NULL,0,1,2,'2026-03-16 18:51:49','2026-03-16 18:51:49'),(360,49,'{\"en\": \"Chicken Fingers\", \"tr\": \"Chicken Fingers\"}','{\"en\": \"chicken-fingers\", \"tr\": \"chicken-fingers\"}','{\"en\": \"Breaded chicken fingers served with cajun seasoned fries\", \"tr\": \"Panelenmiş tavuk dilimleri, kajun baharatlı patates ile\"}',700.00,0,0,NULL,NULL,0,1,3,'2026-03-16 18:51:49','2026-03-16 18:51:49'),(361,49,'{\"en\": \"Buffalo Wings\", \"tr\": \"Buffalo Wings\"}','{\"en\": \"buffalo-wings\", \"tr\": \"buffalo-wings\"}','{\"en\": \"Fried chicken wings with spicy buffalo sauce\", \"tr\": \"Acılı buffalo soslu kızarmış tavuk kanatları\"}',1000.00,0,0,NULL,NULL,0,1,4,'2026-03-16 18:51:49','2026-03-16 18:51:49'),(362,49,'{\"en\": \"Misket Falafel\", \"tr\": \"Misket Falafel\"}','{\"en\": \"misket-falafel\", \"tr\": \"misket-falafel\"}','{\"en\": \"Falafel balls (chickpeas) served with seasonal greens and tahini sauce\", \"tr\": \"Falafel topları (nohut), mevsim yeşillikleri ve tahin sos ile\"}',750.00,0,0,NULL,NULL,0,1,5,'2026-03-16 18:51:49','2026-03-16 18:51:49'),(363,49,'{\"en\": \"Beer Platter\", \"tr\": \"Bira Tabağı\"}','{\"en\": \"beer-platter\", \"tr\": \"bira-tabagi\"}','{\"en\": \"Mozzarella sticks, onion rings, sausage, chips and chicken strips\", \"tr\": \"Mozzarella stick, soğan halkası, sosis, cips ve tavuk dilimleri\"}',1100.00,0,0,NULL,NULL,0,1,6,'2026-03-16 18:51:49','2026-03-16 18:51:49'),(364,49,'{\"en\": \"Fried Calamari\", \"tr\": \"Kalamar Tava\"}','{\"en\": \"fried-calamari\", \"tr\": \"kalamar-tava\"}','{\"en\": \"Crispy calamari served with seasonal greens and tarator sauce\", \"tr\": \"Çıtır kalamar, mevsim yeşillikleri ve tarator sos ile\"}',760.00,0,0,NULL,NULL,0,1,7,'2026-03-16 18:51:49','2026-03-16 18:51:49'),(365,49,'{\"en\": \"Butter & Garlic Shrimp\", \"tr\": \"Tereyağlı Sarımsaklı Karides\"}','{\"en\": \"butter-garlic-shrimp\", \"tr\": \"tereyagli-sarimsakli-karides\"}','{\"en\": \"Shrimp with butter, garlic and sun-dried tomatoes\", \"tr\": \"Tereyağı, sarımsak, karides, kuru domates\"}',760.00,0,0,NULL,NULL,0,1,8,'2026-03-16 18:51:49','2026-03-16 18:51:49'),(366,49,'{\"en\": \"Mushrooms with Cheese\", \"tr\": \"Kaşarlı Mantar\"}','{\"en\": \"mushrooms-with-cheese\", \"tr\": \"kasarli-mantar\"}','{\"en\": \"Mushrooms with kashar cheese, garlic and butter\", \"tr\": \"Mantar, kaşar, sarımsak, tereyağ\"}',360.00,0,0,NULL,NULL,0,1,9,'2026-03-16 18:51:49','2026-03-16 18:51:49'),(367,49,'{\"en\": \"Grilled Halloumi\", \"tr\": \"Izgara Hellim\"}','{\"en\": \"grilled-halloumi\", \"tr\": \"izgara-hellim\"}','{\"en\": \"Grilled halloumi cheese served with seasonal greens\", \"tr\": \"Hellim peyniri ve mevsim yeşillikleri\"}',400.00,0,0,NULL,NULL,0,1,10,'2026-03-16 18:51:49','2026-03-16 18:51:49'),(368,49,'{\"en\": \"Chicken Nachos\", \"tr\": \"Tavuk Nachos\"}','{\"en\": \"chicken-nachos\", \"tr\": \"tavuk-nachos\"}','{\"en\": \"Chicken, corn tortilla, cheddar cheese, bell peppers, corn and sauces\", \"tr\": \"Tavuk, Mısır tortilla, cheddar peyniri, renkli biber, mısır ve soslar\"}',450.00,0,0,NULL,NULL,0,1,11,'2026-03-16 18:51:49','2026-03-16 18:51:49'),(369,49,'{\"en\": \"Beef Nachos\", \"tr\": \"Et Nachos\"}','{\"en\": \"beef-nachos\", \"tr\": \"et-nachos\"}','{\"en\": \"Beef tenderloin, corn tortilla, cheddar cheese, bell peppers, corn and sauces\", \"tr\": \"Jülyen bonfile, Mısır tortilla, cheddar peyniri, renkli biber, mısır ve soslar\"}',650.00,0,0,NULL,NULL,0,1,12,'2026-03-16 18:51:49','2026-03-16 18:51:49'),(370,50,'{\"en\": \"Arugula Salad\", \"tr\": \"Roka Salatası\"}','{\"en\": \"arugula-salad\", \"tr\": \"roka-salatasi\"}','{\"en\": \"Arugula, cherry tomatoes, parmesan, sun-dried tomatoes, walnuts with garlic dressing\", \"tr\": \"Roka, cherry domates, parmesan, kuru domates, ceviz, sarımsaklı sos\"}',500.00,0,0,NULL,NULL,0,1,1,'2026-03-16 18:51:49','2026-03-16 18:51:49'),(371,50,'{\"en\": \"Shepherd Salad\", \"tr\": \"Çoban Salatası\"}','{\"en\": \"shepherd-salad\", \"tr\": \"coban-salatasi\"}','{\"en\": \"Tomatoes, cucumbers, onions, peppers and parsley\", \"tr\": \"Domates, salatalık, soğan, biber ve maydanoz\"}',480.00,0,0,NULL,NULL,0,1,2,'2026-03-16 18:51:49','2026-03-16 18:51:49'),(372,50,'{\"en\": \"Tuna Salad\", \"tr\": \"Ton Balıklı Salata\"}','{\"en\": \"tuna-salad\", \"tr\": \"ton-balikli-salata\"}','{\"en\": \"Tuna fish, boiled egg, corn and mixed greens\", \"tr\": \"Ton balığı, haşlanmış yumurta, mısır ve yeşillikler\"}',600.00,0,0,NULL,NULL,0,1,3,'2026-03-16 18:51:49','2026-03-16 18:51:49'),(373,50,'{\"en\": \"Caesar Salad\", \"tr\": \"Sezar Salata\"}','{\"en\": \"caesar-salad\", \"tr\": \"sezar-salata\"}','{\"en\": \"Grilled chicken, croutons, parmesan cheese and caesar dressing\", \"tr\": \"Izgara tavuk, kruton, parmesan ve sezar sos\"}',550.00,0,0,NULL,NULL,0,1,4,'2026-03-16 18:51:49','2026-03-16 18:51:49'),(374,50,'{\"en\": \"Beef Tenderloin Salad\", \"tr\": \"Dana Bonfile Salata\"}','{\"en\": \"beef-tenderloin-salad\", \"tr\": \"dana-bonfile-salata\"}','{\"en\": \"Grilled beef tenderloin slices with mixed greens and citrus dressing\", \"tr\": \"Izgara bonfile dilimleri, yeşillik ve narenciye sos\"}',720.00,0,0,NULL,NULL,0,1,5,'2026-03-16 18:51:49','2026-03-16 18:51:49'),(375,51,'{\"en\": \"Beef Wrap\", \"tr\": \"Et Dürüm\"}','{\"en\": \"beef-wrap\", \"tr\": \"et-durum\"}','{\"en\": \"Beef tenderloin julienne, peppers, onions and mozzarella\", \"tr\": \"Jülyen bonfile, biber, soğan ve mozzarella ile\"}',700.00,0,0,NULL,NULL,0,1,1,'2026-03-16 18:51:49','2026-03-16 18:51:49'),(376,51,'{\"en\": \"Chicken Wrap\", \"tr\": \"Tavuk Dürüm\"}','{\"en\": \"chicken-wrap\", \"tr\": \"tavuk-durum\"}','{\"en\": \"Chicken julienne, peppers, onions and mozzarella\", \"tr\": \"Jülyen tavuk, biber, soğan ve mozzarella ile\"}',600.00,0,0,NULL,NULL,0,1,2,'2026-03-16 18:51:49','2026-03-16 18:51:49'),(377,52,'{\"en\": \"Beef Fajita\", \"tr\": \"Et Fajita\"}','{\"en\": \"beef-fajita\", \"tr\": \"et-fajita\"}','{\"en\": \"Served with beef tenderloin slices, colorful peppers and onions\", \"tr\": \"Bonfile dilimleri, renkli biberler ve soğan ile servis edilir\"}',1250.00,0,0,NULL,NULL,0,1,1,'2026-03-16 18:51:49','2026-03-16 18:51:49'),(378,52,'{\"en\": \"Chicken Fajita\", \"tr\": \"Tavuk Fajita\"}','{\"en\": \"chicken-fajita\", \"tr\": \"tavuk-fajita\"}','{\"en\": \"Served with chicken slices, colorful peppers and onions\", \"tr\": \"Tavuk dilimleri, renkli biberler ve soğan ile servis edilir\"}',1100.00,0,0,NULL,NULL,0,1,2,'2026-03-16 18:51:49','2026-03-16 18:51:49'),(379,52,'{\"en\": \"Combo Fajita\", \"tr\": \"Combo Fajita\"}','{\"en\": \"combo-fajita\", \"tr\": \"combo-fajita\"}','{\"en\": \"Both beef and chicken served with peppers and onions\", \"tr\": \"Bonfile ve tavuk birlikte, biber ve soğan ile\"}',1300.00,0,0,NULL,NULL,0,1,3,'2026-03-16 18:51:49','2026-03-16 18:51:49'),(380,52,'{\"en\": \"Vegetarian Fajita\", \"tr\": \"Vejetaryen Fajita\"}','{\"en\": \"vegetarian-fajita\", \"tr\": \"vejetaryen-fajita\"}','{\"en\": \"Served with colorful peppers and vegetables\", \"tr\": \"Renkli biberler ve sebzeler ile servis edilir\"}',950.00,0,0,NULL,NULL,0,1,4,'2026-03-16 18:51:49','2026-03-16 18:51:49'),(381,53,'{\"en\": \"Beef Penne\", \"tr\": \"Biftekli Penne\"}','{\"en\": \"beef-penne\", \"tr\": \"biftekli-penne\"}','{\"en\": \"Beef pieces, mushrooms, sun-dried tomatoes and pesto sauce\", \"tr\": \"Bonfile parçaları, mantar, kuru domates ve pesto sos\"}',0.00,0,0,NULL,NULL,0,1,1,'2026-03-16 18:51:49','2026-03-16 18:51:49'),(382,53,'{\"en\": \"Arrabbiata\", \"tr\": \"Arrabbiata\"}','{\"en\": \"arrabbiata\", \"tr\": \"arrabbiata\"}','{\"en\": \"Spicy tomato sauce and black olives\", \"tr\": \"Acılı domates sos ve siyah zeytin ile\"}',0.00,0,0,NULL,NULL,0,1,2,'2026-03-16 18:51:49','2026-03-16 18:51:49'),(383,53,'{\"en\": \"Ragu Spaghetti\", \"tr\": \"Ragu Spaghetti\"}','{\"en\": \"ragu-spaghetti\", \"tr\": \"ragu-spaghetti\"}','{\"en\": \"Bolognese sauce and parmesan cheese\", \"tr\": \"Bolognese sos ve parmesan peyniri ile\"}',0.00,0,0,NULL,NULL,0,1,3,'2026-03-16 18:51:49','2026-03-16 18:51:49'),(384,53,'{\"en\": \"Seafood Tagliatelle\", \"tr\": \"Deniz Ürünlü Tagliatelle\"}','{\"en\": \"seafood-tagliatelle\", \"tr\": \"deniz-urunlu-tagliatelle\"}','{\"en\": \"Cream sauce with shrimp, calamari and mussels\", \"tr\": \"Karides, kalamar ve midye ile krema sos\"}',0.00,0,0,NULL,NULL,0,1,4,'2026-03-16 18:51:49','2026-03-16 18:51:49'),(385,53,'{\"en\": \"Fettuccine Alfredo\", \"tr\": \"Fettuccine Alfredo\"}','{\"en\": \"fettuccine-alfredo\", \"tr\": \"fettuccine-alfredo\"}','{\"en\": \"Chicken, mushroom and cream sauce\", \"tr\": \"Tavuk, mantar ve krema sos ile\"}',0.00,0,0,NULL,NULL,0,1,5,'2026-03-16 18:51:49','2026-03-16 18:51:49'),(386,54,'{\"en\": \"Beef Burger\", \"tr\": \"Beef Burger\"}','{\"en\": \"beef-burger\", \"tr\": \"beef-burger\"}','{\"en\": \"180g beef patty, lettuce, tomato and pickles\", \"tr\": \"180g dana burger, marul, domates ve turşu\"}',750.00,0,0,NULL,NULL,0,1,1,'2026-03-16 18:51:49','2026-03-16 18:51:49'),(387,54,'{\"en\": \"Cheese Burger\", \"tr\": \"Cheese Burger\"}','{\"en\": \"cheese-burger\", \"tr\": \"cheese-burger\"}','{\"en\": \"180g beef patty and cheddar cheese\", \"tr\": \"180g dana burger ve cheddar peyniri\"}',800.00,0,0,NULL,NULL,0,1,2,'2026-03-16 18:51:49','2026-03-16 18:51:49'),(388,54,'{\"en\": \"Mexican Burger\", \"tr\": \"Mexica Burger\"}','{\"en\": \"mexican-burger\", \"tr\": \"mexica-burger\"}','{\"en\": \"Beef patty with corn, peppers and cheddar cheese\", \"tr\": \"Dana burger, mısır, biber ve cheddar ile\"}',820.00,0,0,NULL,NULL,0,1,3,'2026-03-16 18:51:49','2026-03-16 18:51:49'),(389,54,'{\"en\": \"Chicken Burger\", \"tr\": \"Chicken Burger\"}','{\"en\": \"chicken-burger\", \"tr\": \"chicken-burger\"}','{\"en\": \"Crispy chicken, tomato and cheddar cheese\", \"tr\": \"Çıtır tavuk, domates ve cheddar ile\"}',650.00,0,0,NULL,NULL,0,1,4,'2026-03-16 18:51:49','2026-03-16 18:51:49'),(390,55,'{\"en\": \"Grilled Meatballs\", \"tr\": \"Izgara Köfte\"}','{\"en\": \"grilled-meatballs\", \"tr\": \"izgara-kofte\"}','{\"en\": \"Beef mince and onions. Served with grilled peppers, grilled tomatoes, rice and potato chips\", \"tr\": \"Dana kıyma ve soğan. Köz biber, köz domates, pilav ve patates cips ile servis edilir\"}',1000.00,0,0,NULL,NULL,0,1,1,'2026-03-16 18:51:49','2026-03-16 18:51:49'),(391,55,'{\"en\": \"Lamb Shish\", \"tr\": \"Kuzu Şiş\"}','{\"en\": \"lamb-shish\", \"tr\": \"kuzu-sis\"}','{\"en\": \"Marinated lamb meat. Served with grilled peppers, grilled tomatoes, rice and potato chips\", \"tr\": \"Marine edilmiş kuzu eti. Köz biber, köz domates, pilav ve patates cips ile servis edilir\"}',1350.00,0,0,NULL,NULL,0,1,2,'2026-03-16 18:51:49','2026-03-16 18:51:49'),(392,55,'{\"en\": \"Chicken Schnitzel\", \"tr\": \"Tavuk Şinitzel\"}','{\"en\": \"chicken-schnitzel\", \"tr\": \"tavuk-sinitzel\"}','{\"en\": \"Breaded chicken breast, served with potato chips\", \"tr\": \"Pane kaplı tavuk göğsü, patates cips ile servis edilir\"}',900.00,0,0,NULL,NULL,0,1,3,'2026-03-16 18:51:49','2026-03-16 18:51:49'),(393,55,'{\"en\": \"Chicken Shish\", \"tr\": \"Tavuk Şiş\"}','{\"en\": \"chicken-shish\", \"tr\": \"tavuk-sis\"}','{\"en\": \"Chicken fillet cubes. Served with grilled peppers, grilled tomatoes, rice and potato chips\", \"tr\": \"Tavuk bonfile dilimleri. Köz biber, köz domates, pilav ve patates cips ile servis edilir\"}',800.00,0,0,NULL,NULL,0,1,4,'2026-03-16 18:51:49','2026-03-16 18:51:49'),(394,55,'{\"en\": \"Sweet & Sour Chicken\", \"tr\": \"Tatlı Ekşi Tavuk\"}','{\"en\": \"sweet-sour-chicken\", \"tr\": \"tatli-eksi-tavuk\"}','{\"en\": \"Julienne chicken strips prepared with colorful peppers and onions. Served with rice and potato chips\", \"tr\": \"Julienne tavuk dilimleri, renkli biberler ve soğan ile hazırlanır. Pilav ve patates cips ile servis edilir\"}',990.00,0,0,NULL,NULL,0,1,5,'2026-03-16 18:51:49','2026-03-16 18:51:49'),(395,56,'{\"en\": \"Carrot Slice Baklava\", \"tr\": \"Havuç Dilimi Baklava\"}','{\"en\": \"carrot-slice-baklava\", \"tr\": \"havuc-dilimi-baklava\"}','{\"en\": \"With pistachios\", \"tr\": \"Antep fıstıklı\"}',500.00,0,0,NULL,NULL,0,1,1,'2026-03-16 18:51:49','2026-03-16 18:51:49'),(396,56,'{\"en\": \"Semolina Halva\", \"tr\": \"İrmik Helvası\"}','{\"en\": \"semolina-halva\", \"tr\": \"irmik-helvasi\"}','{\"en\": \"With butter\", \"tr\": \"Tereyağlı\"}',350.00,0,0,NULL,NULL,0,1,2,'2026-03-16 18:51:49','2026-03-16 18:51:49'),(397,56,'{\"en\": \"Fruit Platter\", \"tr\": \"Meyve Tabağı\"}','{\"en\": \"fruit-platter\", \"tr\": \"meyve-tabagi\"}','{\"en\": \"Seasonal fruits\", \"tr\": \"Mevsim meyveleri\"}',300.00,0,0,NULL,NULL,0,1,3,'2026-03-16 18:51:49','2026-03-16 18:51:49'),(398,57,'{\"en\": \"Fava\", \"tr\": \"Fava\"}','{\"en\": \"fava\", \"tr\": \"fava\"}','{\"en\": \"Fava beans with olive oil, onion, orange and dill\", \"tr\": \"Zeytinyağlı, bakla, soğan, portakal, dere out\"}',300.00,0,0,'{\"en\": null}',NULL,0,1,1,'2026-03-16 18:53:15','2026-03-16 18:53:15'),(399,57,'{\"en\": \"Kidney Beans\", \"tr\": \"Börülce\"}','{\"en\": \"kidney-beans\", \"tr\": \"borulce\"}','{\"en\": \"Marinated with olive oil and lemon\", \"tr\": \"Zeytinyağı ve limon ile marine\"}',290.00,0,0,'{\"en\": null}',NULL,0,1,2,'2026-03-16 18:53:15','2026-03-16 18:53:15'),(400,57,'{\"en\": \"Beetroot\", \"tr\": \"Pancar\"}','{\"en\": \"beetroot\", \"tr\": \"pancar\"}','{\"en\": \"Yogurt, beetroot, garlic\", \"tr\": \"Yoğurt, pancar, sarımsak\"}',290.00,0,0,'{\"en\": \"Milk and dairy products\", \"tr\": \"Süt ve süt ürünleri\"}',NULL,0,1,3,'2026-03-16 18:53:15','2026-03-16 18:53:15'),(401,57,'{\"en\": \"Shakshuka\", \"tr\": \"Şakşuka\"}','{\"en\": \"shakshuka\", \"tr\": \"saksuka\"}','{\"en\": \"Fried eggplant, red and green peppers, tomatoes, garlic\", \"tr\": \"Kızarmış patlıcan, kırmızı ve yeşil biber, domates, sarımsak\"}',300.00,0,0,'{\"en\": null}',NULL,0,1,4,'2026-03-16 18:53:15','2026-03-16 18:53:15'),(402,57,'{\"en\": \"Köpoğlu\", \"tr\": \"Köpoğlu\"}','{\"en\": \"kopoglu\", \"tr\": \"kopoglu\"}','{\"en\": \"Fried eggplant, yogurt and tomato sauce\", \"tr\": \"Kızarmış patlıcan, yoğurt ve domates sos\"}',340.00,0,0,'{\"en\": \"Milk and dairy products\", \"tr\": \"Süt ve süt ürünleri\"}',NULL,0,1,5,'2026-03-16 18:53:15','2026-03-16 18:53:15'),(403,57,'{\"en\": \"Strained Cacık\", \"tr\": \"Kuru Cacık\"}','{\"en\": \"strained-cacik\", \"tr\": \"kuru-cacik\"}','{\"en\": \"Yogurt, cucumber, olive oil and mint\", \"tr\": \"Yoğurt, salatalık ve zeytinyağı, nane\"}',290.00,0,0,'{\"en\": \"Milk and dairy products\", \"tr\": \"Süt ve süt ürünleri\"}',NULL,0,1,6,'2026-03-16 18:53:15','2026-03-16 18:53:15'),(404,57,'{\"en\": \"Carrot Tarator\", \"tr\": \"Havuç Tarator\"}','{\"en\": \"carrot-tarator\", \"tr\": \"havuc-tarator\"}','{\"en\": \"Yogurt, carrots, walnuts, garlic, olive oil\", \"tr\": \"Yoğurt, havuç, ceviz, sarımsak, zeytinyağı\"}',340.00,0,0,'{\"en\": \"Milk, Nuts\", \"tr\": \"Süt, Kuruyemiş\"}',NULL,0,1,7,'2026-03-16 18:53:15','2026-03-16 18:53:15'),(405,57,'{\"en\": \"Atom\", \"tr\": \"Atom\"}','{\"en\": \"atom\", \"tr\": \"atom\"}','{\"en\": \"Yogurt, garlic, hot peppers\", \"tr\": \"Yogurt, sarımsak, acı biber\"}',340.00,0,0,'{\"en\": \"Milk and dairy products\", \"tr\": \"Süt ve süt ürünleri\"}',NULL,0,1,8,'2026-03-16 18:53:15','2026-03-16 18:53:15'),(406,57,'{\"en\": \"Spicy Paste\", \"tr\": \"Acılı Ezme\"}','{\"en\": \"spicy-paste\", \"tr\": \"acili-ezme\"}','{\"en\": \"Tomato, pepper, cucumber, parsley and spices\", \"tr\": \"Domates, biber, salatalık, maydanoz ve baharat\"}',340.00,0,0,'{\"en\": null}',NULL,0,1,9,'2026-03-16 18:53:15','2026-03-16 18:53:15'),(407,57,'{\"en\": \"Hummus\", \"tr\": \"Humus\"}','{\"en\": \"hummus\", \"tr\": \"humus\"}','{\"en\": \"Chickpeas, tahini, olive oil, cumin, sumac, lemon, spices\", \"tr\": \"Nohut, tahin, zeytinyağı, kimyon, sumak, limon, baharat\"}',300.00,0,0,'{\"en\": \"Nuts (Sesame)\", \"tr\": \"Kuruyemiş (Susam)\"}',NULL,0,1,10,'2026-03-16 18:53:15','2026-03-16 18:53:15'),(408,57,'{\"en\": \"Sea Beans (Kaya Koruğu)\", \"tr\": \"Kara Koruğu\"}','{\"en\": \"sea-beans-kaya-korugu\", \"tr\": \"kara-korugu\"}','{\"en\": \"Samphire, olive oil, lemon\", \"tr\": \"kaya koruk, zeytinyağı, limon\"}',350.00,0,0,'{\"en\": null}',NULL,0,1,11,'2026-03-16 18:53:15','2026-03-16 18:53:15'),(409,57,'{\"en\": \"Cheese & Melon\", \"tr\": \"Peynir & Kavun\"}','{\"en\": \"cheese-melon\", \"tr\": \"peynir-kavun\"}','{\"en\": \"Feta cheese and melon slices\", \"tr\": \"Beyaz peynir ve kavun dilimleri\"}',400.00,0,0,'{\"en\": \"Milk and dairy products\", \"tr\": \"Süt ve süt ürünleri\"}',NULL,0,1,12,'2026-03-16 18:53:15','2026-03-16 18:53:15'),(410,57,'{\"en\": \"Appetizer Platter (Selection of 5)\", \"tr\": \"5’li Ordövr Tabağı\"}','{\"en\": \"appetizer-platter-selection-of-5\", \"tr\": \"5li-ordovr-tabagi\"}','{\"en\": \"5 types of appetizers selected by the chef\", \"tr\": \"Şefin seçtiği 5 çeşit meze\"}',1300.00,0,0,'{\"en\": \"Milk, Nuts, Gluten\", \"tr\": \"Süt, Kuruyemiş, Gluten\"}',NULL,0,1,13,'2026-03-16 18:53:15','2026-03-16 18:53:15'),(411,58,'{\"en\": \"Mushrooms with Kashar\", \"tr\": \"Kaşarlı Mantar\"}','{\"en\": \"mushrooms-with-kashar\", \"tr\": \"kasarli-mantar\"}','{\"en\": \"Mushrooms, kashar cheese, garlic, butter\", \"tr\": \"Mantar, kaşar, sarımsak, tereyağ\"}',360.00,0,0,'{\"en\": \"Milk and dairy products\", \"tr\": \"Süt ve süt ürünleri\"}',NULL,0,1,1,'2026-03-16 18:53:15','2026-03-16 18:53:15'),(412,58,'{\"en\": \"Grilled Halloumi\", \"tr\": \"Hellim Izgara\"}','{\"en\": \"grilled-halloumi\", \"tr\": \"hellim-izgara\"}','{\"en\": \"Halloumi cheese and seasonal greens\", \"tr\": \"Hellim peyniri ve mevsim yeşillikleri\"}',400.00,0,0,'{\"en\": \"Milk and dairy products\", \"tr\": \"Süt ve süt ürünleri\"}',NULL,0,1,2,'2026-03-16 18:53:15','2026-03-16 18:53:15'),(413,58,'{\"en\": \"Vegetable Fritters (Mücver)\", \"tr\": \"Mücver\"}','{\"en\": \"vegetable-fritters-mucver\", \"tr\": \"mucver\"}','{\"en\": \"Zucchini, carrot, seasonal greens\", \"tr\": \"Kabak, havuç, mevsim yeşillikleri\"}',320.00,0,0,'{\"en\": \"Egg, Gluten, Milk\", \"tr\": \"Yumurta, Gluten, Süt\"}',NULL,0,1,3,'2026-03-16 18:53:15','2026-03-16 18:53:15'),(414,58,'{\"en\": \"Fried Calamari\", \"tr\": \"Kalamar Tava\"}','{\"en\": \"fried-calamari\", \"tr\": \"kalamar-tava\"}','{\"en\": \"Calamari, greens and tarator sauce\", \"tr\": \"Kalamar, yeşillik ve tarator sos\"}',760.00,0,0,'{\"en\": \"Seafood, Gluten, Milk\", \"tr\": \"Deniz Ürünleri, Gluten, Süt\"}',NULL,0,1,4,'2026-03-16 18:53:15','2026-03-16 18:53:15'),(415,58,'{\"en\": \"Fried Mussels\", \"tr\": \"Midye Tava\"}','{\"en\": \"fried-mussels\", \"tr\": \"midye-tava\"}','{\"en\": \"Crispy mussels and potato chips\", \"tr\": \"Çıtır midye ve patates cipsi\"}',650.00,0,0,'{\"en\": \"Seafood, Gluten\", \"tr\": \"Deniz Ürünleri, Gluten\"}',NULL,0,1,5,'2026-03-16 18:53:15','2026-03-16 18:53:15'),(416,58,'{\"en\": \"Shrimp Pastry\", \"tr\": \"Karidesli Börek\"}','{\"en\": \"shrimp-pastry\", \"tr\": \"karidesli-borek\"}','{\"en\": \"Shrimp, seasonal greens\", \"tr\": \"Karides, mevsim yeşillikleri\"}',690.00,0,0,'{\"en\": \"Seafood, Gluten\", \"tr\": \"Deniz Ürünleri, Gluten\"}',NULL,0,1,6,'2026-03-16 18:53:15','2026-03-16 18:53:15'),(417,58,'{\"en\": \"Shrimp in Garlic Butter\", \"tr\": \"Tereyağlı Sarımsaklı Karides\"}','{\"en\": \"shrimp-in-garlic-butter\", \"tr\": \"tereyagli-sarimsakli-karides\"}','{\"en\": \"Shrimp, garlic, sun-dried tomatoes.\", \"tr\": \"Karides, sarımsak, kuru domates.\"}',760.00,0,0,'{\"en\": \"Seafood, Milk\", \"tr\": \"Deniz Ürünleri, Süt\"}',NULL,0,1,7,'2026-03-16 18:53:15','2026-03-16 18:53:15'),(418,58,'{\"en\": \"Fried Lamb Liver\", \"tr\": \"Yaprak Kuzu Ciğer\"}','{\"en\": \"fried-lamb-liver\", \"tr\": \"yaprak-kuzu-ciger\"}','{\"en\": \"Fried lamb liver and dry onions\", \"tr\": \"kızartılmış kuzu ciğer ve kuru soğan\"}',720.00,0,0,'{\"en\": \"Gluten\", \"tr\": \"Gluten\"}',NULL,0,1,8,'2026-03-16 18:53:15','2026-03-16 18:53:15'),(419,58,'{\"en\": \"Seafood Combo\", \"tr\": \"Deniz Ürünleri Combo\"}','{\"en\": \"seafood-combo\", \"tr\": \"deniz-urunleri-combo\"}','{\"en\": \"Calamari, shrimp and mussels\", \"tr\": \"Kalamar, karides ve midye\"}',1450.00,0,0,'{\"en\": \"Seafood, Gluten, Milk\", \"tr\": \"Deniz Ürünleri, Gluten, Süt\"}',NULL,0,1,9,'2026-03-16 18:53:15','2026-03-16 18:53:15'),(420,59,'{\"en\": \"Baby Potatoes\", \"tr\": \"Baby Patates\"}','{\"en\": \"baby-potatoes\", \"tr\": \"baby-patates\"}','{\"en\": \"Butter, spices and potatoes\", \"tr\": \"Tereyağı, baharat ve patates\"}',260.00,0,0,'{\"en\": \"Milk\", \"tr\": \"Süt\"}',NULL,0,1,1,'2026-03-16 18:53:15','2026-03-16 18:53:15'),(421,59,'{\"en\": \"Village Style Fries\", \"tr\": \"Köylü Patates\"}','{\"en\": \"village-style-fries\", \"tr\": \"koylu-patates\"}','{\"en\": \"Fries with skin, parsley, lemon, spices\", \"tr\": \"Kabuklu patates kızartması, maydonoz, limon, baharat\"}',310.00,0,0,'{\"en\": null}',NULL,0,1,2,'2026-03-16 18:53:15','2026-03-16 18:53:15'),(422,59,'{\"en\": \"Rice Pilaf\", \"tr\": \"Pirinç Pilavı\"}','{\"en\": \"rice-pilaf\", \"tr\": \"pirinc-pilavi\"}','{\"en\": \"Rice, butter\", \"tr\": \"Pirinç, tereyağ\"}',300.00,0,0,'{\"en\": \"Milk\", \"tr\": \"Süt\"}',NULL,0,1,3,'2026-03-16 18:53:15','2026-03-16 18:53:15'),(423,59,'{\"en\": \"Sautéed Vegetables\", \"tr\": \"Sebze Sote\"}','{\"en\": \"sauteed-vegetables\", \"tr\": \"sebze-sote\"}','{\"en\": \"Seasonal vegetables in olive oil (please ask)\", \"tr\": \"Zeytinyağında mevsim sebzeleri (sorunuz)\"}',360.00,0,0,'{\"en\": null}',NULL,0,1,4,'2026-03-16 18:53:15','2026-03-16 18:53:15'),(424,60,'{\"en\": \"Arugula Salad\", \"tr\": \"Roka Salatası\"}','{\"en\": \"arugula-salad\", \"tr\": \"roka-salatasi\"}','{\"en\": \"Arugula, cherry tomatoes, parmesan, sun-dried tomatoes, walnuts, garlic sauce\", \"tr\": \"Roka, cherry domates, parmesan, kuru domates, ceviz, sarımsaklı sos\"}',500.00,0,0,'{\"en\": \"Milk, Salt\", \"tr\": \"Süt, Tuz\"}',NULL,0,1,1,'2026-03-16 18:53:15','2026-03-16 18:53:15'),(425,60,'{\"en\": \"Shepherd\'s Salad\", \"tr\": \"Çoban Salatası\"}','{\"en\": \"shepherds-salad\", \"tr\": \"coban-salatasi\"}','{\"en\": \"Tomatoes, cucumbers, onions, peppers, parsley\", \"tr\": \"Domates, salatalık, soğan, biber, maydanoz\"}',480.00,0,0,'{\"en\": null}',NULL,0,1,2,'2026-03-16 18:53:15','2026-03-16 18:53:15'),(426,60,'{\"en\": \"Gavurdağı Salad\", \"tr\": \"Gavurdağı Salatası\"}','{\"en\": \"gavurdagi-salad\", \"tr\": \"gavurdagi-salatasi\"}','{\"en\": \"Tomatoes, walnuts, pomegranate molasses, cucumbers, peppers, parsley, cheese\", \"tr\": \"Domates, ceviz, nar ekşisi, salatalık, biber, maydanoz, peynir\"}',500.00,0,0,'{\"en\": \"Nuts\", \"tr\": \"Kuruyemiş\"}',NULL,0,1,3,'2026-03-16 18:53:15','2026-03-16 18:53:15'),(427,60,'{\"en\": \"Spoon Salad\", \"tr\": \"Kaşık Salata\"}','{\"en\": \"spoon-salad\", \"tr\": \"kasik-salata\"}','{\"en\": \"Tomatoes, cucumbers, peppers, parsley, olive oil\", \"tr\": \"Domates, salatalık, biber, maydonoz, zeytinyağı\"}',480.00,0,0,'{\"en\": null}',NULL,0,1,4,'2026-03-16 18:53:15','2026-03-16 18:53:15'),(428,60,'{\"en\": \"Beef Tenderloin Salad\", \"tr\": \"Dana Bonfile Salata\"}','{\"en\": \"beef-tenderloin-salad\", \"tr\": \"dana-bonfile-salata\"}','{\"en\": \"Grilled beef tenderloin and seasonal greens\", \"tr\": \"Izgara bonfile ve mevsim yeşillik\"}',720.00,0,0,'{\"en\": \"Milk, Salt\", \"tr\": \"Süt, Tuz\"}',NULL,0,1,5,'2026-03-16 18:53:15','2026-03-16 18:53:15'),(429,61,'{\"en\": \"Grilled Sea Bass\", \"tr\": \"Izgara Levrek\"}','{\"en\": \"grilled-sea-bass\", \"tr\": \"izgara-levrek\"}','{\"en\": \"Sea bass, lemon, arugula, potatoes\", \"tr\": \"Levrek, limon, roka, patates\"}',1050.00,0,0,'{\"en\": \"Fish\", \"tr\": \"Balık\"}',NULL,0,1,1,'2026-03-16 18:53:15','2026-03-16 18:53:15'),(430,61,'{\"en\": \"Grilled Sea Bream\", \"tr\": \"Izgara Çipura\"}','{\"en\": \"grilled-sea-bream\", \"tr\": \"izgara-cipura\"}','{\"en\": \"With olive oil and lemon\", \"tr\": \"Zeytinyağı ve limon ile\"}',1050.00,0,0,'{\"en\": \"Fish\", \"tr\": \"Balık\"}',NULL,0,1,2,'2026-03-16 18:53:15','2026-03-16 18:53:15'),(431,61,'{\"en\": \"Trout in Butter Stew\", \"tr\": \"Güveçte Tereyağlı Alabalık\"}','{\"en\": \"trout-in-butter-stew\", \"tr\": \"guvecte-tereyagli-alabalik\"}','{\"en\": \"Butter, trout, garlic, seasonal vegetables\", \"tr\": \"Tereyağı, alabalık, sarımsak, mevsim sebzeleri\"}',1500.00,0,0,'{\"en\": \"Fish, Milk\", \"tr\": \"Balık, Süt\"}',NULL,0,1,3,'2026-03-16 18:53:15','2026-03-16 18:53:15'),(432,61,'{\"en\": \"Catch of the Day\", \"tr\": \"Günün Balığı\"}','{\"en\": \"catch-of-the-day\", \"tr\": \"gunun-baligi\"}','{\"en\": \"Daily fresh fish (Ask for price)\", \"tr\": \"Günlük taze balık (Fiyat sorunuz)\"}',0.00,0,0,'{\"en\": \"Fish\", \"tr\": \"Balık\"}',NULL,0,1,4,'2026-03-16 18:53:15','2026-03-16 18:53:15'),(433,62,'{\"en\": \"Beef Saute\", \"tr\": \"Et Kavurma\"}','{\"en\": \"beef-saute\", \"tr\": \"et-kavurma\"}','{\"en\": \"Beef, peppers and onions\", \"tr\": \"Dana eti, biber ve soğan\"}',1400.00,0,0,'{\"en\": null}',NULL,0,1,1,'2026-03-16 18:53:15','2026-03-16 18:53:15'),(434,62,'{\"en\": \"Lamb Chops\", \"tr\": \"Kuzu Pirzola\"}','{\"en\": \"lamb-chops\", \"tr\": \"kuzu-pirzola\"}','{\"en\": \"Grilled chops\", \"tr\": \"Izgara pirzola\"}',1750.00,0,0,'{\"en\": null}',NULL,0,1,2,'2026-03-16 18:53:15','2026-03-16 18:53:15'),(435,62,'{\"en\": \"Homemade Meatballs\", \"tr\": \"Home Made Köfte\"}','{\"en\": \"homemade-meatballs\", \"tr\": \"home-made-kofte\"}','{\"en\": \"Minced meat, onion\", \"tr\": \"Kıyma, soğan\"}',1000.00,0,0,'{\"en\": \"Egg, Gluten\", \"tr\": \"Yumurta, Gluten\"}',NULL,0,1,3,'2026-03-16 18:53:15','2026-03-16 18:53:15'),(436,62,'{\"en\": \"Lamb Shish\", \"tr\": \"Kuzu Şiş\"}','{\"en\": \"lamb-shish\", \"tr\": \"kuzu-sis\"}','{\"en\": \"Marinated lamb cubes\", \"tr\": \"Marine kuzu şiş\"}',1350.00,0,0,'{\"en\": null}',NULL,0,1,4,'2026-03-16 18:53:15','2026-03-16 18:53:15'),(437,62,'{\"en\": \"Mixed Grill\", \"tr\": \"Karışık Izgara\"}','{\"en\": \"mixed-grill\", \"tr\": \"karisik-izgara\"}','{\"en\": \"Selection of grilled meats\", \"tr\": \"Farklı ızgara et çeşitleri\"}',2650.00,0,0,'{\"en\": null}',NULL,0,1,5,'2026-03-16 18:53:15','2026-03-16 18:53:15'),(438,63,'{\"en\": \"Lemon Chicken\", \"tr\": \"Limonlu Tavuk\"}','{\"en\": \"lemon-chicken\", \"tr\": \"limonlu-tavuk\"}','{\"en\": \"Grilled chicken with lemon sauce and potato chips\", \"tr\": \"Izgara tavuk ve limon sos, patates cipsi\"}',950.00,0,0,'{\"en\": null}',NULL,0,1,1,'2026-03-16 18:53:15','2026-03-16 18:53:15'),(439,63,'{\"en\": \"Chicken Wings\", \"tr\": \"Tavuk Kanat\"}','{\"en\": \"chicken-wings\", \"tr\": \"tavuk-kanat\"}','{\"en\": \"Grilled or fried\", \"tr\": \"Izgara veya kızarmış\"}',990.00,0,0,'{\"en\": null}',NULL,0,1,2,'2026-03-16 18:53:15','2026-03-16 18:53:15'),(440,64,'{\"en\": \"Beef Fajita\", \"tr\": \"Et Fajita\"}','{\"en\": \"beef-fajita\", \"tr\": \"et-fajita\"}','{\"en\": \"Beef and tortilla, colorful peppers, onions\", \"tr\": \"Dana eti ve tortilla, renkli biberler, soğan\"}',1250.00,0,0,'{\"en\": \"Gluten\", \"tr\": \"Gluten\"}',NULL,0,1,1,'2026-03-16 18:53:15','2026-03-16 18:53:15'),(441,64,'{\"en\": \"Chicken Fajita\", \"tr\": \"Tavuk Fajita\"}','{\"en\": \"chicken-fajita\", \"tr\": \"tavuk-fajita\"}','{\"en\": \"Chicken and tortilla, colorful peppers and onions\", \"tr\": \"Tavuk ve tortilla, renkli biberler ve soğan\"}',1100.00,0,0,'{\"en\": \"Gluten\", \"tr\": \"Gluten\"}',NULL,0,1,2,'2026-03-16 18:53:15','2026-03-16 18:53:15'),(442,64,'{\"en\": \"Vegetarian Fajita\", \"tr\": \"Vejetaryen Fajita\"}','{\"en\": \"vegetarian-fajita\", \"tr\": \"vejetaryen-fajita\"}','{\"en\": \"Seasonal vegetables, tortilla\", \"tr\": \"Meysim Sebzeli, tortilla\"}',950.00,0,0,'{\"en\": \"Gluten\", \"tr\": \"Gluten\"}',NULL,0,1,3,'2026-03-16 18:53:15','2026-03-16 18:53:15'),(443,65,'{\"en\": \"Fish Nuggets & Chips\", \"tr\": \"Balık Kroket & Patates\"}','{\"en\": \"fish-nuggets-chips\", \"tr\": \"balik-kroket-patates\"}','{\"en\": \"Fish nuggets and potatoes\", \"tr\": \"Balık kroket ve patates\"}',1000.00,0,0,'{\"en\": \"Fish, Gluten\", \"tr\": \"Balık, Gluten\"}',NULL,0,1,1,'2026-03-16 18:53:15','2026-03-16 18:53:15'),(444,65,'{\"en\": \"Chicken Fingers\", \"tr\": \"Chicken Fingers\"}','{\"en\": \"chicken-fingers\", \"tr\": \"chicken-fingers\"}','{\"en\": \"Chicken and potatoes\", \"tr\": \"Tavuk ve patates\"}',700.00,0,0,'{\"en\": \"Egg, Gluten\", \"tr\": \"Yumurta, Gluten\"}',NULL,0,1,2,'2026-03-16 18:53:15','2026-03-16 18:53:15'),(445,65,'{\"en\": \"Meatballs & Chips\", \"tr\": \"Köfte & Patates\"}','{\"en\": \"meatballs-chips\", \"tr\": \"kofte-patates\"}','{\"en\": \"Grilled meatballs and potatoes\", \"tr\": \"Izgara köfte, patates\"}',890.00,0,0,'{\"en\": null}',NULL,0,1,3,'2026-03-16 18:53:15','2026-03-16 18:53:15'),(446,65,'{\"en\": \"Burger & Chips\", \"tr\": \"Burger & Cips\"}','{\"en\": \"burger-chips\", \"tr\": \"burger-cips\"}','{\"en\": \"Minced meat, lettuce, tomato, pickles and potato chips\", \"tr\": \"Kıyma, marul, domates, turşu ve patates cips\"}',750.00,0,0,'{\"en\": null}',NULL,0,1,4,'2026-03-16 18:53:15','2026-03-16 18:53:15'),(447,65,'{\"en\": \"Spaghetti\", \"tr\": \"Spagetti\"}','{\"en\": \"spaghetti\", \"tr\": \"spagetti\"}','{\"en\": \"With tomato sauce or butter\", \"tr\": \"Domates soslu veya tereyağlı\"}',690.00,0,0,'{\"en\": \"Gluten, Milk\", \"tr\": \"Gluten, Süt\"}',NULL,0,1,5,'2026-03-16 18:53:15','2026-03-16 18:53:15'),(448,66,'{\"en\": \"Baklava (Carrot Slice)\", \"tr\": \"Havuç Dilimi Baklava\"}','{\"en\": \"baklava-carrot-slice\", \"tr\": \"havuc-dilimi-baklava\"}','{\"en\": \"With pistachios\", \"tr\": \"Antep fıstıklı\"}',500.00,0,0,'{\"en\": \"Nuts, Milk\", \"tr\": \"Kuruyemiş, Süt\"}',NULL,0,1,1,'2026-03-16 18:53:15','2026-03-16 18:53:15'),(449,66,'{\"en\": \"Semolina Halva\", \"tr\": \"İrmik Helvası\"}','{\"en\": \"semolina-halva\", \"tr\": \"irmik-helvasi\"}','{\"en\": \"With butter\", \"tr\": \"Tereyağlı\"}',350.00,0,0,'{\"en\": \"Milk, Nuts\", \"tr\": \"Süt, Kuruyemiş\"}',NULL,0,1,2,'2026-03-16 18:53:15','2026-03-16 18:53:15'),(450,66,'{\"en\": \"Fruit Platter\", \"tr\": \"Meyve Tabağı\"}','{\"en\": \"fruit-platter\", \"tr\": \"meyve-tabagi\"}','{\"en\": \"Seasonal fruits\", \"tr\": \"Mevsim meyveleri\"}',300.00,0,0,'{\"en\": null}',NULL,0,1,3,'2026-03-16 18:53:15','2026-03-16 18:53:15');
/*!40000 ALTER TABLE `menu_items` ENABLE KEYS */;
UNLOCK TABLES;

--
-- Table structure for table `migrations`
--

DROP TABLE IF EXISTS `migrations`;
/*!40101 SET @saved_cs_client     = @@character_set_client */;
/*!50503 SET character_set_client = utf8mb4 */;
CREATE TABLE `migrations` (
  `id` int unsigned NOT NULL AUTO_INCREMENT,
  `migration` varchar(255) CHARACTER SET utf8mb4 COLLATE utf8mb4_unicode_ci NOT NULL,
  `batch` int NOT NULL,
  PRIMARY KEY (`id`)
) ENGINE=InnoDB AUTO_INCREMENT=14 DEFAULT CHARSET=utf8mb4 COLLATE=utf8mb4_unicode_ci;
/*!40101 SET character_set_client = @saved_cs_client */;

--
-- Dumping data for table `migrations`
--

LOCK TABLES `migrations` WRITE;
/*!40000 ALTER TABLE `migrations` DISABLE KEYS */;
INSERT INTO `migrations` VALUES (1,'0001_01_01_000000_create_users_table',1),(2,'0001_01_01_000001_create_cache_table',1),(3,'0001_01_01_000002_create_jobs_table',1),(4,'2026_02_27_194401_create_categories_table',1),(5,'2026_02_27_194401_create_gallery_images_table',1),(6,'2026_02_27_194401_create_menu_items_table',1),(7,'2026_02_27_194401_create_settings_table',1),(8,'2026_02_27_213932_add_dietary_info_to_menu_items_table',1),(9,'2026_02_27_215236_create_blog_posts_table',1),(10,'2026_02_27_222557_add_parent_id_to_categories_table',1),(11,'2026_02_28_192507_add_likes_count_to_menu_items_table',1),(12,'2026_02_28_201420_create_feedback_table',1),(13,'2026_03_16_185417_create_slides_table',2);
/*!40000 ALTER TABLE `migrations` ENABLE KEYS */;
UNLOCK TABLES;

--
-- Table structure for table `password_reset_tokens`
--

DROP TABLE IF EXISTS `password_reset_tokens`;
/*!40101 SET @saved_cs_client     = @@character_set_client */;
/*!50503 SET character_set_client = utf8mb4 */;
CREATE TABLE `password_reset_tokens` (
  `email` varchar(255) CHARACTER SET utf8mb4 COLLATE utf8mb4_unicode_ci NOT NULL,
  `token` varchar(255) CHARACTER SET utf8mb4 COLLATE utf8mb4_unicode_ci NOT NULL,
  `created_at` timestamp NULL DEFAULT NULL,
  PRIMARY KEY (`email`)
) ENGINE=InnoDB DEFAULT CHARSET=utf8mb4 COLLATE=utf8mb4_unicode_ci;
/*!40101 SET character_set_client = @saved_cs_client */;

--
-- Dumping data for table `password_reset_tokens`
--

LOCK TABLES `password_reset_tokens` WRITE;
/*!40000 ALTER TABLE `password_reset_tokens` DISABLE KEYS */;
/*!40000 ALTER TABLE `password_reset_tokens` ENABLE KEYS */;
UNLOCK TABLES;

--
-- Table structure for table `sessions`
--

DROP TABLE IF EXISTS `sessions`;
/*!40101 SET @saved_cs_client     = @@character_set_client */;
/*!50503 SET character_set_client = utf8mb4 */;
CREATE TABLE `sessions` (
  `id` varchar(255) CHARACTER SET utf8mb4 COLLATE utf8mb4_unicode_ci NOT NULL,
  `user_id` bigint unsigned DEFAULT NULL,
  `ip_address` varchar(45) CHARACTER SET utf8mb4 COLLATE utf8mb4_unicode_ci DEFAULT NULL,
  `user_agent` text CHARACTER SET utf8mb4 COLLATE utf8mb4_unicode_ci,
  `payload` longtext CHARACTER SET utf8mb4 COLLATE utf8mb4_unicode_ci NOT NULL,
  `last_activity` int NOT NULL,
  PRIMARY KEY (`id`),
  KEY `sessions_user_id_index` (`user_id`),
  KEY `sessions_last_activity_index` (`last_activity`)
) ENGINE=InnoDB DEFAULT CHARSET=utf8mb4 COLLATE=utf8mb4_unicode_ci;
/*!40101 SET character_set_client = @saved_cs_client */;

--
-- Dumping data for table `sessions`
--

LOCK TABLES `sessions` WRITE;
/*!40000 ALTER TABLE `sessions` DISABLE KEYS */;
INSERT INTO `sessions` VALUES ('N7thysvhFGdsiJd3CAO0kxqbJpkVjyFbqhYpvhQs',1,'127.0.0.1','Mozilla/5.0 (Macintosh; Intel Mac OS X 10_15_7) AppleWebKit/537.36 (KHTML, like Gecko) Chrome/145.0.0.0 Safari/537.36','YTo4OntzOjY6Il90b2tlbiI7czo0MDoicm5WbldXaUhWamx1VHBLM3pucnJzdlBRMUtMQzd2NWI1czdxMFI2VyI7czo2OiJsb2NhbGUiO3M6MjoidHIiO3M6OToiX3ByZXZpb3VzIjthOjI6e3M6MzoidXJsIjtzOjI0OiJodHRwOi8vMTI3LjAuMC4xOjgwMDAvdHIiO3M6NToicm91dGUiO3M6NDoiaG9tZSI7fXM6NjoiX2ZsYXNoIjthOjI6e3M6Mzoib2xkIjthOjA6e31zOjM6Im5ldyI7YTowOnt9fXM6NTA6ImxvZ2luX3dlYl81OWJhMzZhZGRjMmIyZjk0MDE1ODBmMDE0YzdmNThlYTRlMzA5ODlkIjtpOjE7czoxNzoicGFzc3dvcmRfaGFzaF93ZWIiO3M6NjQ6Ijg2ZjRjMGFkOTg2NWM3ZmMyMGIzMmRiYzgyYTZiZjVkOWNkMjE3ZGU3ZTE2ODY4MzhhNGU3M2FlNWM0OTNlZTEiO3M6ODoiZmlsYW1lbnQiO2E6MDp7fXM6NjoidGFibGVzIjthOjI6e3M6NDE6IjliYjI5MDBlOTUyMjk2MDc2ZjlmM2NjMmZjMGE5NDcyX3Blcl9wYWdlIjtzOjM6ImFsbCI7czo0MToiYTg2NzI3ZTYwMzlhNTg0YWEzYWNhMWZkYTM3ODgyMGJfcGVyX3BhZ2UiO3M6MzoiYWxsIjt9fQ==',1773698725);
/*!40000 ALTER TABLE `sessions` ENABLE KEYS */;
UNLOCK TABLES;

--
-- Table structure for table `settings`
--

DROP TABLE IF EXISTS `settings`;
/*!40101 SET @saved_cs_client     = @@character_set_client */;
/*!50503 SET character_set_client = utf8mb4 */;
CREATE TABLE `settings` (
  `id` bigint unsigned NOT NULL AUTO_INCREMENT,
  `key` varchar(255) CHARACTER SET utf8mb4 COLLATE utf8mb4_unicode_ci NOT NULL,
  `value` text CHARACTER SET utf8mb4 COLLATE utf8mb4_unicode_ci,
  `type` varchar(255) CHARACTER SET utf8mb4 COLLATE utf8mb4_unicode_ci NOT NULL DEFAULT 'text',
  `group` varchar(255) CHARACTER SET utf8mb4 COLLATE utf8mb4_unicode_ci NOT NULL DEFAULT 'general',
  `created_at` timestamp NULL DEFAULT NULL,
  `updated_at` timestamp NULL DEFAULT NULL,
  PRIMARY KEY (`id`),
  UNIQUE KEY `settings_key_unique` (`key`)
) ENGINE=InnoDB AUTO_INCREMENT=79 DEFAULT CHARSET=utf8mb4 COLLATE=utf8mb4_unicode_ci;
/*!40101 SET character_set_client = @saved_cs_client */;

--
-- Dumping data for table `settings`
--

LOCK TABLES `settings` WRITE;
/*!40000 ALTER TABLE `settings` DISABLE KEYS */;
INSERT INTO `settings` VALUES (3,'brand_olive','{\"en\":\"#203d63\",\"tr\":\"#203d63\"}','color','branding','2026-03-04 20:14:51','2026-03-16 18:25:07'),(4,'brand_light','{\"en\":\"#f5f4e6\",\"tr\":\"#f5f4e6\"}','color','branding','2026-03-04 20:14:51','2026-03-16 18:30:14'),(5,'brand_dark','{\"en\":\"#113059\",\"tr\":\"#113059\"}','color','branding','2026-03-04 20:14:51','2026-03-16 18:24:34'),(9,'google_maps_link','{\"en\":\"https://www.google.com/maps/embed?pb=!1m18!1m12!1m3!1d205889.9112928756!2d29.134096632812504!3d36.263053899999996!2m3!1f0!2f0!3f0!3m2!1i1024!2i768!4f13.1!3m3!1m2!1s0x14c02d197fb33465%3A0x7279d31cfeab1ade!2sPruva%20Meyhane!5e0!3m2!1str!2str!4v1773692940769!5m2!1str!2str\",\"tr\":\"https://www.google.com/maps/embed?pb=!1m18!1m12!1m3!1d205889.9112928756!2d29.134096632812504!3d36.263053899999996!2m3!1f0!2f0!3f0!3m2!1i1024!2i768!4f13.1!3m3!1m2!1s0x14c02d197fb33465%3A0x7279d31cfeab1ade!2sPruva%20Meyhane!5e0!3m2!1str!2str!4v1773692940769!5m2!1str!2str\"}','text','contact','2026-03-04 20:14:51','2026-03-16 18:23:53'),(11,'meta_title','{\"en\":\"Pruva Meyhane Kalkan | Kalkan Rakı, Fish, Tavern and Live Music Entertainment\",\"tr\":\"Pruva Meyhane Kalkan | Kalkan Rakı Balık, Meyhane ve Fasıl Eğlencesi\"}','text','seo','2026-03-04 20:14:51','2026-03-16 16:04:06'),(12,'meta_description','{\"en\":\"A seaside tavern experience in Kalkan where delicious food and enjoyment come together…\",\"tr\":\"Kalkan\'da denize sıfır lezzetle ve keyifle iç içe bir meyhane deneyimi…\"}','text','seo','2026-03-04 20:14:51','2026-03-16 18:12:32'),(13,'favicon','{\"tr\":\"settings/01KKW5E358NHDBH4GTJJWYY39S.png\",\"en\":\"settings/01KKW5E358NHDBH4GTJJWYY39S.png\"}','image','branding','2026-03-04 20:30:56','2026-03-16 17:29:40'),(14,'site_name','{\"tr\":\"Pruva Meyhane Kalkan | Kalkan Rakı Balık, Meyhane ve Fasıl Eğlencesi\",\"en\":\"Pruva Tavern Kalkan | Kalkan Rakı, Fish, Tavern and Live Music Entertainment\"}','text','branding',NULL,'2026-03-16 18:39:46'),(15,'title','{\"tr\":\"Pruva Meyhane Kalkan | Kalkan Rakı Balık, Meyhane ve Fasıl Eğlencesi\",\"en\":\"Pruva Meyhane Kalkan | Kalkan Rakı Balık, Meyhane ve Fasıl Eğlencesi\"}','text','general',NULL,'2026-03-16 17:19:14'),(16,'address','{\"tr\":\"Kalkan, İskele Sk. No:13, 07960 Kaş/Antalya\",\"en\":\"Kalkan, İskele Sk. No:13, 07960 Kaş/Antalya\"}','text','social',NULL,'2026-03-16 18:35:15'),(17,'phone','{\"tr\":\"+90 535 458 55 44\",\"en\":\"+90 535 458 55 44\"}','text','social',NULL,'2026-03-16 18:35:15'),(18,'whatsapp','{\"tr\":\"+90 535 458 55 44\",\"en\":\"+90 535 458 55 44\"}','text','social',NULL,'2026-03-16 18:35:15'),(19,'email','{\"tr\":\"info@pruvakalkan.com\",\"en\":\"info@pruvakalkan.com\"}','text','social',NULL,'2026-03-16 18:35:15'),(20,'logo','{\"tr\":\"settings/01KKW5EKJ6TY1ZVRZRYMFC7DY1.png\",\"en\":\"settings/01KKW5EKJ6TY1ZVRZRYMFC7DY1.png\"}','image','branding',NULL,'2026-03-16 17:29:57'),(21,'hero_images','{\"tr\":[],\"en\":[]}','images','branding','2026-03-16 15:56:29','2026-03-16 18:40:40'),(22,'story_image','{\"tr\":\"settings/He8ISZaMk2dNto5y6EjnjcNFhV8PA321kpOurfXw.webp\",\"en\":\"settings/He8ISZaMk2dNto5y6EjnjcNFhV8PA321kpOurfXw.webp\"}','image','branding','2026-03-16 15:56:29','2026-03-16 17:56:16'),(23,'menu_restaurant_image','{\"en\":null}','image','branding','2026-03-16 15:56:29','2026-03-16 18:39:46'),(24,'menu_snacks_image','{\"en\":null}','image','branding','2026-03-16 15:56:29','2026-03-16 18:39:46'),(25,'menu_drinks_image','{\"en\":null}','image','branding','2026-03-16 15:56:29','2026-03-16 18:39:46'),(26,'parallax_image','{\"tr\":\"settings/curSuxxc0HPJwgoioCILxllB3gm3ECyhG4qfi7Yn.webp\",\"en\":\"settings/curSuxxc0HPJwgoioCILxllB3gm3ECyhG4qfi7Yn.webp\"}','image','branding','2026-03-16 15:56:29','2026-03-16 17:58:10'),(27,'hero_welcome_text','{\"tr\":\"Pruva\'ya Hoş Geldiniz\",\"en\":\"Welcome to Pruva\"}','text','homepage','2026-03-16 15:56:29','2026-03-16 15:56:29'),(28,'hero_title','{\"tr\":\"Denize Sıfır,<br><span class=\\\"font-normal italic\\\">Lezzet, Manzara ve Keyfin Buluşma Noktası</span>\",\"en\":\"Right on the Seafront,<br><span class=\\\"font-normal italic\\\">The Meeting Point of Taste, View and Enjoyment</span>\"}','text','homepage','2026-03-16 15:56:29','2026-03-16 18:15:40'),(29,'hero_discover_menu_text','{\"tr\":\"Menüyü Keşfet\",\"en\":\"Discover Menu\"}','text','homepage','2026-03-16 15:56:29','2026-03-16 15:56:29'),(30,'hero_book_table_text','{\"tr\":\"Rezervasyon Yap\",\"en\":\"Book a Table\"}','text','homepage','2026-03-16 15:56:29','2026-03-16 15:56:29'),(31,'about_welcome_text','{\"tr\":\"Hikayemiz\",\"en\":\"Our Story\"}','text','homepage','2026-03-16 15:56:29','2026-03-16 15:56:29'),(32,'about_title','{\"tr\":\"Denize sıfır,<br><span class=\\\"italic text-brand-accent\\\">lezzetle ve keyifle iç içe bir meyhane deneyimi…</span>\",\"en\":\"A flavor experience<br><span class=\\\"italic text-brand-accent\\\">away from the city\'s crowd</span>\"}','text','homepage','2026-03-16 15:56:29','2026-03-16 18:12:04'),(33,'about_description_1','{\"tr\":\"Pruva Meyhane, Kalkan Limanı’nda denize sıfır konumuyla; taze deniz ürünleri, özenle hazırlanan mezeler ve Akdeniz ruhunu taşıyan özel tatları aynı sofrada buluşturan özel bir lezzet durağıdır.  Burada her masa, denizin hemen kıyısında kurulan uzun sohbetlere, gün batımına karşı kaldırılan kadehlere ve unutulmaz akşamlara eşlik eder. Pruva’da misafirlerimize yalnızca bir yemek değil; manzara, lezzet ve atmosferin kusursuz şekilde buluştuğu ayrıcalıklı bir meyhane deneyimi sunuyoruz.\",\"en\":\"Pruva Meyhane, located right on the seafront in Kalkan Harbor, is a special culinary destination that brings together fresh seafood, carefully prepared mezes, and unique flavors embodying the spirit of the Mediterranean.  Here, every table is set right by the sea, perfect for long conversations, toasts raised against the sunset, and unforgettable evenings. At Pruva, we offer our guests not just a meal, but a privileged meyhane (traditional Turkish tavern) experience where view, flavor, and atmosphere perfectly complement each other.\"}','text','homepage','2026-03-16 15:56:29','2026-03-16 18:13:40'),(34,'about_description_2','{\"tr\":\"Misafirlerine, gurme yemekleri eğlence ve nefes kesen gün batımı deniz manzarasıyla birleştiren canlı bir deneyim sunuyoruz.\",\"en\":\"Offering guests a vibrant experience that combines gourmet dining with entertainment and breathtaking sunset sea views.\"}','text','homepage','2026-03-16 15:56:29','2026-03-16 15:56:29'),(35,'about_button_text','{\"tr\":\"Hikayemizi Oku\",\"en\":\"Read Our Story\"}','text','homepage','2026-03-16 15:56:29','2026-03-16 15:56:29'),(36,'experience_title','{\"tr\":\"Fasıl Eğlenceleri\",\"en\":\"Turkish Traditional Music Entertainment\"}','text','homepage','2026-03-16 15:56:29','2026-03-16 17:59:13'),(37,'experience_subtitle','{\"tr\":\"Klasik Fasıl ile Gerçek Meyhane \",\"en\":\" Classical Turkish Music and an Authentic Tavern\"}','text','homepage','2026-03-16 15:56:29','2026-03-16 18:00:01'),(38,'culinary_welcome_text','{\"tr\":\"Mutfak Mükemmelliği\",\"en\":\"Culinary Excellence\"}','text','homepage','2026-03-16 15:56:29','2026-03-16 15:56:29'),(39,'culinary_title','{\"tr\":\"Duyular İçin İşlendi\",\"en\":\"Crafted for the Senses\"}','text','homepage','2026-03-16 15:56:29','2026-03-16 15:56:29'),(40,'culinary_button_text','{\"tr\":\"Tüm Menüyü Görüntüle\",\"en\":\"View Full Menu\"}','text','homepage','2026-03-16 15:56:29','2026-03-16 15:56:29'),(41,'testimonials_welcome_text','{\"tr\":\"Referanslar\",\"en\":\"Testimonials\"}','text','homepage','2026-03-16 15:56:29','2026-03-16 15:56:29'),(42,'testimonials_title','{\"tr\":\"Misafirlerimiz Ne Diyor\",\"en\":\"What Our Guests Say\"}','text','homepage','2026-03-16 15:56:29','2026-03-16 15:56:29'),(43,'testimonials_footer_text','{\"tr\":\"Bizi ziyaret ettiniz mi?\",\"en\":\"Have you visited us?\"}','text','homepage','2026-03-16 15:56:29','2026-03-16 15:56:29'),(44,'testimonials_google_button','{\"tr\":\"Google\'da Değerlendir\",\"en\":\"Review on Google\"}','text','homepage','2026-03-16 15:56:29','2026-03-16 15:56:29'),(45,'testimonials_tripadvisor_button','{\"tr\":\"TripAdvisor\'da Değerlendir\",\"en\":\"Review on TripAdvisor\"}','text','homepage','2026-03-16 15:56:29','2026-03-16 15:56:29'),(46,'our_story_meta_title','{\"tr\":\"Bir Akdeniz Masalı: Pruva\'nın Hikayesi | Pruva Restaurant Kaş\",\"en\":\"A Mediterranean Tale: The Pruva Story | Pruva Restaurant Kaş\"}','text','seo','2026-03-16 17:23:13','2026-03-16 18:24:02'),(47,'our_story_meta_description','{\"tr\":\"Denizin, toprağın ve ateşin kalbinden gelen bir lezzet yolculuğu.\",\"en\":\"A journey of flavor from the heart of the sea, the land, and the flame.\"}','text','seo','2026-03-16 17:23:13','2026-03-16 18:24:02'),(48,'gallery_meta_title','{\"tr\":\"Galeri | Pruva Meyhane Kalkan\",\"en\":\"Gallery | Pruva Tavern Kalkan\"}','text','seo','2026-03-16 17:23:13','2026-03-16 17:26:40'),(49,'gallery_meta_description','{\"tr\":\"Pruva Restaurant\'tan kareler, lezzetler ve manzara.\",\"en\":\"Snapshots, flavors, and views from Pruva Restaurant.\"}','text','seo','2026-03-16 17:23:13','2026-03-16 17:23:13'),(50,'contact_meta_title','{\"tr\":\"İletişim | Pruva Meyhane Kalkan\",\"en\":\"Contact | Pruva Tavern Kalkan\"}','text','seo','2026-03-16 17:23:13','2026-03-16 17:27:12'),(51,'contact_meta_description','{\"tr\":\"Bizimle iletişime geçin, rezervasyon yapın.\",\"en\":\"Get in touch with us, make a reservation.\"}','text','seo','2026-03-16 17:23:13','2026-03-16 17:23:13'),(52,'menu_meta_title','{\"tr\":\"Menü | Pruva Restaurant Kaş\",\"en\":\"Menu | Pruva Restaurant Kaş\"}','text','seo','2026-03-16 17:23:13','2026-03-16 17:23:13'),(53,'menu_meta_description','{\"tr\":\"Akdeniz mutfağının en seçkin lezzetleri, taze deniz ürünleri ve mezeler.\",\"en\":\"The most exclusive flavors of Mediterranean cuisine, fresh seafood and appetizers.\"}','text','seo','2026-03-16 17:23:13','2026-03-16 17:23:13'),(54,'blog_meta_title','{\"tr\":\"Günlük & Hikayeler | Pruva Restaurant Kaş\",\"en\":\"Journal & Stories | Pruva Restaurant Kaş\"}','text','seo','2026-03-16 17:23:13','2026-03-16 17:23:13'),(55,'blog_meta_description','{\"tr\":\"Akdeniz\'in kalbinden en son haberleri, yemek tariflerini ve hikayeleri keşfedin.\",\"en\":\"Discover the latest news, recipes, and stories from the heart of the Mediterranean.\"}','text','seo','2026-03-16 17:23:13','2026-03-16 17:23:13'),(56,'our_story_hero_image','{\"en\":null}','image','our_story','2026-03-16 18:23:46','2026-03-16 18:39:46'),(57,'our_story_hero_title','{\"tr\":\"Bir Akdeniz Masalı: Pruva\'nın Hikayesi\",\"en\":\"A Mediterranean Tale: The Pruva Story\"}','text','our_story','2026-03-16 18:23:46','2026-03-16 18:23:46'),(58,'our_story_hero_subtitle','{\"tr\":\"Denizin, toprağın ve ateşin kalbinden gelen bir lezzet yolculuğu.\",\"en\":\"A journey of flavor from the heart of the sea, the land, and the flame.\"}','text','our_story','2026-03-16 18:23:46','2026-03-16 18:23:46'),(59,'our_story_roots_title','{\"tr\":\"Köklerimiz\",\"en\":\"Our Roots\"}','text','our_story','2026-03-16 18:23:46','2026-03-16 18:23:46'),(60,'our_story_roots_content','{\"tr\":\"Pruva\'nın hikayesi, antik zamanlardan beri medeniyetlerin beşiği olmuş, Akdeniz\'in en kristal kıyılarına sahip Kaş\'ın ruhunda başlar. \'Pruva\' ismini, bu toprakların en kadim sakini olan ve bilgeliği, barışı ve bereketi simgeleyen zeytin ağacından alır. Yüzyıllardır bu coğrafyada kök salan zeytin ağaçları gibi, biz de yerel kültürümüzün ve misafirperverliğimizin derinliklerine kök saldık. Her bir yaprağında gümüş parıltılar taşıyan zeytin dalları, mutfağımızın ve soframızın temelini oluşturur. Pruva, sadece bir restoran değil, bu bölgenin sunduğu tüm bereketi onurlandırmak için kurulmuş bir buluşma noktasıdır.\",\"en\":\"The story of Pruva begins in the spirit of Kaş, home to the most crystalline shores of the Mediterranean and a cradle of civilizations since ancient times. Pruva takes its name from the oldest inhabitant of this land: the olive tree, symbolizing wisdom, peace, and abundance. Just as the olive trees have taken root here for centuries, we have rooted ourselves in the depths of our local culture and hospitality. Olive branches, with silver glimmers on every leaf, form the foundation of our kitchen and our table. Pruva is not just a restaurant; it is a gathering point established to honor all the bounty this region offers.\"}','text','our_story','2026-03-16 18:23:46','2026-03-16 18:23:46'),(61,'our_story_roots_image','{\"en\":null}','image','our_story','2026-03-16 18:23:46','2026-03-16 18:39:46'),(62,'our_story_sea_title','{\"tr\":\"Denizin Bereketi\",\"en\":\"Bounty of the Sea\"}','text','our_story','2026-03-16 18:23:46','2026-03-16 18:23:46'),(63,'our_story_sea_content','{\"tr\":\"Göz alabildiğine uzanan turkuaz sular, Pruva mutfağının her gün tazelenen ilham kaynağıdır. Çukurbağ Yarımadası\'nın kıyılarından soframıza uzanan bu yolculukta, sadece en taze malzemeleri seçiyoruz. Sabahın ilk ışıklarıyla ağlarını çeken yerel balıkçıların bereketi, ızgaralarımızda ve mezelerimizde hayat bulur. Levrekten çipuraya, kalamardan ahtapota kadar her deniz ürünü, denizin o kendine has tuzlu kokusunu ve tazeliğini koruyacak şekilde özenle hazırlanır. Bizim için her tabak, Akdeniz’in cömertliğini anlatan bir sahnedir.\",\"en\":\"Turquoise waters, stretching as far as the eye can see, are the inspiration for the Pruva kitchen that is refreshed every day. In this journey from the shores of the Çukurbağ Peninsula to our table, we choose only the freshest ingredients. The bounty of local fishermen pulling their nets with the first light of morning comes to life in our grills and mezzes. From seabass to seabream, calamari to octopus, every seafood item is carefully prepared to preserve that unique salty scent and freshness of the sea. For us, every plate is a stage telling the story of Mediterranean generosity.\"}','text','our_story','2026-03-16 18:23:46','2026-03-16 18:23:46'),(64,'our_story_sea_image','{\"en\":null}','image','our_story','2026-03-16 18:23:46','2026-03-16 18:39:46'),(65,'our_story_flame_title','{\"tr\":\"Ateşin Dansı\",\"en\":\"Dance of the Flame\"}','text','our_story','2026-03-16 18:23:46','2026-03-16 18:23:46'),(66,'our_story_flame_content','{\"tr\":\"Mutfağımızın merkezinde, lezzetlerin mühürlendiği ve geleneksel dokunuşların modern tekniklerle buluştuğu odun ateşimiz yanar. Bir \'Modern Meyhane\' konseptiyle, geçmişin o samimi atmosferini günümüzün estetik anlayışıyla harmanladık. Etlerimizin ve mevsim sebzelerinin kömür ateşindeki o isli kokusu, Pruva deneyiminin ayrılmaz bir parçasıdır. Geleneksel Anadolu reçetelerini, Akdeniz\'in hafifliği ve ferahlığıyla yeniden yorumlayarak, misafirlerimize hem tanıdık hem de şaşırtıcı lezzet kombinasyonları sunuyoruz. Her lokma, emeğin ve tutkunun bir yansımasıdır.\",\"en\":\"At the center of our kitchen burns the wood fire where flavors are sealed and traditional touches meet modern techniques. With a \'Modern Meyhane\' concept, we have blended that intimate atmosphere of the past with today\'s aesthetic understanding. That smoky scent of our meats and seasonal vegetables on the charcoal fire is an inseparable part of the Pruva experience. By reinterpreting traditional Anatolian recipes with the lightness and freshness of the Mediterranean, we offer our guests flavor combinations that are both familiar and surprising. Every bite is a reflection of labor and passion.\"}','text','our_story','2026-03-16 18:23:46','2026-03-16 18:23:46'),(67,'our_story_flame_image','{\"en\":null}','image','our_story','2026-03-16 18:23:46','2026-03-16 18:39:46'),(68,'our_story_gathering_title','{\"tr\":\"Sofranın Ruhu\",\"en\":\"The Soul of the Table\"}','text','our_story','2026-03-16 18:23:47','2026-03-16 18:23:47'),(69,'our_story_gathering_content','{\"tr\":\"Kaş\'ın büyüleyici gün batımı eşliğinde kurulan sofralar, bizim için paylaşmanın ve dostluğun en saf halidir. Çukurbağ Yarımadası\'nın o eşsiz manzarasına karşı, rüzgarın taşıdığı zeytin kokuları arasında kadehlerin dostluğa kalktığı her an kıymetlidir. Pruva\'da sadece yemek servis etmiyoruz; aynı zamanda unutulmaz anılar inşa ediyoruz. Güler yüzlü ekibimiz, her misafirimizin kendini evinde hissetmesini sağlamak için büyük bir tutkuyla çalışır. Müziğin yumuşak ritmi, dalgaların sesi ve sevdiklerinizle paylaştığınız o eşsiz sohbetler, Pruva\'yı Kaş\'ın kalbinde özel bir kaçış noktası yapar.\",\"en\":\"Tables set accompanied by the mesmerizing sunset of Kaş are, for us, the purest form of sharing and friendship. Set against that unique view of the Çukurbağ Peninsula, among the scents of olives carried by the wind, every moment when glasses are raised to friendship is precious. At Pruva, we don\'t just serve food; we also build unforgettable memories. Our smiling team works with great passion to ensure every guest feels at home. The soft rhythm of music, the sound of waves, and those unique conversations shared with loved ones make Pruva a special escape point in the heart of Kaş.\"}','text','our_story','2026-03-16 18:23:47','2026-03-16 18:23:47'),(70,'our_story_gathering_image','{\"en\":null}','image','our_story','2026-03-16 18:23:47','2026-03-16 18:39:46'),(71,'our_story_conclusion_title','{\"tr\":\"Geleceğe Miras\",\"en\":\"Legacy for the Future\"}','text','our_story','2026-03-16 18:23:47','2026-03-16 18:23:47'),(72,'our_story_conclusion_content','{\"tr\":\"Pruva, her geçen gün büyüyen ve gelişen bir aile; ancak özündeki saflığı ve yerelliği asla kaybetmeyecek bir sözdür. Bizler, bu toprakların hikayesini tabaklarımızda anlatmaya, her gün aynı heyecanla mutfağımıza girmeye ve Akdeniz\'in ruhunu her bir misafirimize hissettirmeye devam edeceğiz. Bu hikayenin bir parçası olduğunuz için teşekkür ederiz. Sizi, bu kıyı masalının yeni sayfalarını birlikte yazmaya, zeytin ağaçlarının gölgesinde bir lezzet şölenine davet ediyoruz.\",\"en\":\"Pruva is a family growing and developing every day; but it is a promise that will never lose its purity and locality at its core. We will continue to tell the story of this land on our plates, to enter our kitchen with the same excitement every day, and to make every guest feel the spirit of the Mediterranean. Thank you for being a part of this story. We invite you to a feast of flavor in the shadow of the olive trees, to write the new pages of this coastal tale together.\"}','text','our_story','2026-03-16 18:23:47','2026-03-16 18:23:47'),(73,'our_story_discover_menu_text','{\"tr\":\"Menüyü Keşfet\",\"en\":\"Discover Menu\"}','text','our_story','2026-03-16 18:23:47','2026-03-16 18:23:47'),(74,'facebook_url','{\"en\":\"https://www.facebook.com/pruvakalkan\",\"tr\":\"https://www.facebook.com/pruvakalkan\"}','text','social','2026-03-16 18:32:15','2026-03-16 18:42:48'),(75,'instagram_url','{\"en\":\"http://instagram.com/pruvakalkan/\",\"tr\":\"http://instagram.com/pruvakalkan/\"}','text','social','2026-03-16 18:32:15','2026-03-16 18:42:48'),(76,'google_reviews_url','{\"en\":\"https://maps.app.goo.gl/YfQdSMGERuMR4b8H6\",\"tr\":\"https://maps.app.goo.gl/YfQdSMGERuMR4b8H6\"}','text','social','2026-03-16 18:32:15','2026-03-16 18:42:48'),(77,'tripadvisor_reviews_url','{\"en\":null}','text','social','2026-03-16 18:32:15','2026-03-16 18:42:48'),(78,'footer_text','{\"tr\":\"Kalkan Limanı’nın eşsiz atmosferinde, taze deniz ürünleri, özenli mezeler ve hafızada kalan bir meyhane deneyimi.\",\"en\":\"Located right on Kalkan Harbour, offering fresh seafood, refined mezes, and an unforgettable tavern atmosphere.\"}','text','branding','2026-03-16 18:35:15','2026-03-16 18:40:40');
/*!40000 ALTER TABLE `settings` ENABLE KEYS */;
UNLOCK TABLES;

--
-- Table structure for table `slides`
--

DROP TABLE IF EXISTS `slides`;
/*!40101 SET @saved_cs_client     = @@character_set_client */;
/*!50503 SET character_set_client = utf8mb4 */;
CREATE TABLE `slides` (
  `id` bigint unsigned NOT NULL AUTO_INCREMENT,
  `title` json DEFAULT NULL,
  `sub_title` json DEFAULT NULL,
  `description` json DEFAULT NULL,
  `image` varchar(255) COLLATE utf8mb4_unicode_ci DEFAULT NULL,
  `order_column` int NOT NULL DEFAULT '0',
  `is_active` tinyint(1) NOT NULL DEFAULT '1',
  `created_at` timestamp NULL DEFAULT NULL,
  `updated_at` timestamp NULL DEFAULT NULL,
  PRIMARY KEY (`id`)
) ENGINE=InnoDB AUTO_INCREMENT=2 DEFAULT CHARSET=utf8mb4 COLLATE=utf8mb4_unicode_ci;
/*!40101 SET character_set_client = @saved_cs_client */;

--
-- Dumping data for table `slides`
--

LOCK TABLES `slides` WRITE;
/*!40000 ALTER TABLE `slides` DISABLE KEYS */;
INSERT INTO `slides` VALUES (1,'{\"en\": \"Daily Fresh Fishes\", \"tr\": \"Günlük Taze Balıklar\"}','{\"tr\": \"\"}','{\"tr\": \"\"}','slides/uiuUNfJCeCuISa5pur7HXeBmUm34kV671EpUZRCr.webp',0,1,'2026-03-16 17:56:53','2026-03-16 17:57:23');
/*!40000 ALTER TABLE `slides` ENABLE KEYS */;
UNLOCK TABLES;

--
-- Table structure for table `users`
--

DROP TABLE IF EXISTS `users`;
/*!40101 SET @saved_cs_client     = @@character_set_client */;
/*!50503 SET character_set_client = utf8mb4 */;
CREATE TABLE `users` (
  `id` bigint unsigned NOT NULL AUTO_INCREMENT,
  `name` varchar(255) CHARACTER SET utf8mb4 COLLATE utf8mb4_unicode_ci NOT NULL,
  `email` varchar(255) CHARACTER SET utf8mb4 COLLATE utf8mb4_unicode_ci NOT NULL,
  `email_verified_at` timestamp NULL DEFAULT NULL,
  `password` varchar(255) CHARACTER SET utf8mb4 COLLATE utf8mb4_unicode_ci NOT NULL,
  `remember_token` varchar(100) CHARACTER SET utf8mb4 COLLATE utf8mb4_unicode_ci DEFAULT NULL,
  `created_at` timestamp NULL DEFAULT NULL,
  `updated_at` timestamp NULL DEFAULT NULL,
  PRIMARY KEY (`id`),
  UNIQUE KEY `users_email_unique` (`email`)
) ENGINE=InnoDB AUTO_INCREMENT=2 DEFAULT CHARSET=utf8mb4 COLLATE=utf8mb4_unicode_ci;
/*!40101 SET character_set_client = @saved_cs_client */;

--
-- Dumping data for table `users`
--

LOCK TABLES `users` WRITE;
/*!40000 ALTER TABLE `users` DISABLE KEYS */;
INSERT INTO `users` VALUES (1,'Admin','admin@pruva.com',NULL,'$2y$12$QGtkUTSIfJu2u9JBFJSnwOfCG565OJh4G7e0W43q5fEgpWpT4XxWi','heEUbqSS6fckP85SKV9RjjkyXSu6H7Nd9MwHFYYNWqNd3QaUh6CgY82WkI9g','2026-02-28 14:57:59','2026-03-15 18:44:12');
/*!40000 ALTER TABLE `users` ENABLE KEYS */;
UNLOCK TABLES;
SET @@SESSION.SQL_LOG_BIN = @MYSQLDUMP_TEMP_LOG_BIN;
/*!40103 SET TIME_ZONE=@OLD_TIME_ZONE */;

/*!40101 SET SQL_MODE=@OLD_SQL_MODE */;
/*!40014 SET FOREIGN_KEY_CHECKS=@OLD_FOREIGN_KEY_CHECKS */;
/*!40014 SET UNIQUE_CHECKS=@OLD_UNIQUE_CHECKS */;
/*!40101 SET CHARACTER_SET_CLIENT=@OLD_CHARACTER_SET_CLIENT */;
/*!40101 SET CHARACTER_SET_RESULTS=@OLD_CHARACTER_SET_RESULTS */;
/*!40101 SET COLLATION_CONNECTION=@OLD_COLLATION_CONNECTION */;
/*!40111 SET SQL_NOTES=@OLD_SQL_NOTES */;

-- Dump completed on 2026-03-17  1:07:06
